
			v7-untitled : 21,
			v7-untitled-2 : 24,
			v7-untitled-3 : 26,
			v7-untitled-4 : 2f,
			v7-untitled-5 : 30,
			v7-untitled-6 : 31,
			v7-untitled-7 : 32,
			v7-untitled-8 : 33,
			v7-untitled-9 : 34,
			v7-untitled-10 : 35,
			v7-untitled-11 : 36,
			v7-untitled-12 : 37,
			v7-untitled-13 : 38,
			v7-untitled-14 : 39,
			v7-untitled-15 : 3a,
			v7-untitled-16 : 3b,
			v7-untitled-17 : 3c,
			v7-untitled-18 : 3d,
			v7-untitled-19 : 3e,
			v7-untitled-20 : 3f,
			v7-untitled-21 : 40,
			v7-untitled-22 : 41,
			v7-untitled-23 : 42,
			v7-untitled-24 : 43,
			v7-untitled-25 : 44,
			v7-untitled-26 : 45,
			v7-untitled-27 : 46,
			v7-untitled-28 : 47,
			v7-untitled-29 : 48,
			v7-untitled-30 : 49,
			v7-untitled-31 : 4a,
			v7-untitled-32 : 4b,
			v7-untitled-33 : 4c,
			v7-untitled-34 : 4d,
			v7-untitled-35 : 4e,
			v7-untitled-36 : 4f,
			v7-untitled-37 : 50,
			v7-untitled-38 : 51,
			v7-untitled-39 : 52,
			v7-untitled-40 : 53,
			v7-untitled-41 : 54,
			v7-untitled-42 : 55,
			v7-untitled-43 : 56,
			v7-untitled-44 : 57,
			v7-untitled-45 : 58,
			v7-untitled-46 : 59,
			v7-untitled-47 : 5a,
			v7-untitled-48 : 5b,
			v7-untitled-49 : 5c,
			v7-untitled-50 : 5d,
			v7-untitled-51 : 5e,
			v7-untitled-52 : 5f,
			v7-untitled-53 : 60,
			v7-untitled-54 : 61,
			v7-untitled-55 : 62,
			v7-untitled-56 : 63,
			v7-untitled-57 : 64,
			v7-untitled-58 : 65,
			v7-untitled-59 : 66,
			v7-untitled-60 : 67,
			v7-untitled-61 : 68,
			v7-untitled-62 : 69,
			v7-untitled-63 : 6a,
			v7-untitled-64 : 6b,
			v7-untitled-65 : 6c,
			v7-untitled-66 : 6d,
			v7-untitled-67 : 6e,
			v7-untitled-68 : 6f,
			v7-untitled-69 : 70,
			v7-untitled-70 : 71,
			v7-untitled-71 : 72,
			v7-untitled-72 : 73,
			v7-untitled-73 : 74,
			v7-untitled-74 : 75,
			v7-untitled-75 : 76,
			v7-untitled-76 : 77,
			v7-untitled-77 : 78,
			v7-untitled-78 : 79,
			v7-untitled-79 : 7a,
			v7-untitled-80 : 7b,
			v7-untitled-81 : 7c,
			v7-untitled-82 : 7d,
			v7-untitled-83 : 7e,
			v7-untitled-84 : a3,
			v7-untitled-85 : b0,
			v7-untitled-86 : bc,
			v7-untitled-87 : c4,
			v7-untitled-88 : c5,
			v7-untitled-89 : c7,
			v7-untitled-90 : c9,
			v7-untitled-91 : d1,
			v7-untitled-92 : d6,
			v7-untitled-93 : dc,
			v7-untitled-94 : dd,
			v7-untitled-95 : e0,
			v7-untitled-96 : e1,
			v7-untitled-97 : e2,
			v7-untitled-98 : e3,
			v7-untitled-99 : e4,
			v7-untitled-100 : e5,
			v7-untitled-101 : e7,
			v7-untitled-102 : e8,
			v7-untitled-103 : e9,
			v7-untitled-104 : ea,
			v7-untitled-105 : eb,
			v7-untitled-106 : ec,
			v7-untitled-107 : ed,
			v7-untitled-108 : ee,
			v7-untitled-109 : ef,
			v7-untitled-110 : f1,
			v7-untitled-111 : f2,
			v7-untitled-112 : f3,
			v7-untitled-113 : f4,
			v7-untitled-114 : f5,
			v7-untitled-115 : f6,
			v7-untitled-116 : f9,
			v7-untitled-117 : fa,
			v7-untitled-118 : fb,
			v7-untitled-119 : fc,
			v7-untitled-120 : ff,
			v7-untitled-121 : 100,
			v7-untitled-122 : 101,
			v7-untitled-123 : 102,
			v7-untitled-124 : 103,
			v7-untitled-125 : 104,
			v7-untitled-126 : 105,
			v7-untitled-127 : 106,
			v7-untitled-128 : 107,
			v7-untitled-129 : 108,
			v7-untitled-130 : 109,
			v7-untitled-131 : 10a,
			v7-untitled-132 : 10b,
			v7-untitled-133 : 10c,
			v7-untitled-134 : 10d,
			v7-untitled-135 : 10e,
			v7-untitled-136 : 10f,
			v7-untitled-137 : 11e,
			v7-untitled-138 : 11f,
			v7-untitled-139 : 120,
			v7-untitled-140 : 121,
			v7-untitled-141 : 122,
			v7-untitled-142 : 123,
			v7-untitled-143 : 124,
			v7-untitled-144 : 125,
			v7-untitled-145 : 126,
			v7-untitled-146 : 127,
			v7-untitled-147 : 134,
			v7-untitled-148 : 135,
			v7-untitled-149 : 136,
			v7-untitled-150 : 137,
			v7-untitled-151 : 138,
			v7-untitled-152 : 139,
			v7-untitled-153 : 13a,
			v7-untitled-154 : 13b,
			v7-untitled-155 : 13c,
			v7-untitled-156 : 13d,
			v7-untitled-157 : 201a,
			v7-untitled-158 : 201e,
			v7-untitled-159 : 2039,
			v7-untitled-160 : 203a,
			v7-untitled-161 : 20ac,
			v7-untitled-162 : e000
		