
			v16-id8wp0cygl9trzbhlbd9o0fygiesi629 : f432,
			v16-ae3so8q0b0n2h8esv9flua2nmwswa8fd : f433,
			v16-pt5lb2orj9ms0n4yyxjavefdukcv1scl : f434,
			v16-kfzodo12ciruwganzy6h1bee2bpyz24d : f435,
			v16-ma9pq3m9ye6f33psotqr8e68yyv7fbz6 : f436,
			v16-99qmwsnyl7d1848xayggtcwaysc4e415 : f437,
			v16-d1a7ajpi3149rk5q4861jw9f2lzg27d1 : f438,
			v16-o3ks7v0pzabyrzijuzxmzyzae06it2eh : f439,
			v16-ny7ydbn558y0aij4evvc199yt345tks4 : f43a,
			v16-vsvgkgr7wqknxe7rsjrusvvs43yekcyr : f43b,
			v16-1n2jlgp5brxxzpvvrly6jbfutnk2fpra : f43c,
			v16-3v2lgx3os8ub377alyqm8mn2o7r4zywg : f43d,
			v16-cy7vw87w1slwyalc4vd8cdhrb50asud3 : f43e,
			v16-in76hg99crrkpcbz2rjnmgbiw74s72y0 : f43f,
			v16-rrhco7mfj6ro9yzhe4a1rbln9flw47re : f440,
			v16-wcb87qh0k9smu6zukdhbn5zip98zofkh : f441,
			v16-hbvhbnoivp3qj8xpyqrxa7dvq9ntnci3 : f442,
			v16-c1d1ix1r5ldq6yl3xwvh3u3fxqale7sy : f443,
			v16-ivdkw88f6me1kxmgrk3qzv6jkgxhbuj7 : f444,
			v16-8u06eo32zy61toyj78of6mi7inn3xlcl : f445,
			v16-frauy9fser6zk9n5ih3rdpz7zzfjbrvu : f446,
			v16-9vefjlcta42r6tjjmog0mpx7mf63jgag : f447,
			v16-jwebw8rhtovm6adljbdixtj9ltdrzkvb : f448,
			v16-h9yii6q602rt4dxjmy9k9wc3jkwzk8d0 : f449,
			v16-kfk635sf697exf2r3jqx06zz54e1rgx4 : f44a,
			v16-fojo3y3ju5f4vge0bepcxl1mgmzgit9k : f44b,
			v16-587bjlxppui6u4japooa2foe58rsvicp : f44c,
			v16-97var6sq7rzo72ktzg1c6ph46u9pftbr : f44d,
			v16-242giivkgr3e6le7b2xqi2pkdruf85mu : f44e,
			v16-7idv5s1f3qkgmbwbat6xukumwqxkrook : f44f,
			v16-7ssl5z5jrhu13tb13cd3gb4bdfkzbfzw : f450,
			v16-uaps3vfayj05q7h4rvb10m890xvaequb : f451,
			v16-f47srtt9pew19q6kg9jniwtzsb8q1rhy : f452,
			v16-a66a6e088038a1881d532b6675bf8412 : f453,
			v16-23d1c53bc15ca452df9453450e94a19c : f454,
			v16-too2rspp5e6z6m0y6lconmv23uw3qlqo : f455,
			v16-z18zsyvbrpsea0f49kd61kkue1ofsafy : f456,
			v16-t7uz7sms69yuckjmkp1zqggwr4jkw0o9 : f457,
			v16-573lc53801tfc96xt7fubn59tb0o5s4y : f458,
			v16-pzy4lq1ak4datbxpdfj3ya74vjfhwxg1 : f459,
			v16-33iuue66u2628uv4kz3vnmh8uee8o7rw : f45a,
			v16-zc0c8s0nyweeeo9i8a3rucu7alwxt56r : f45b,
			v16-vqyhv5kmwcj9zxq28dhq5npykr2k39co : f45c,
			v16-s51at1xi1fkaomxvp6dqaax5jmyhtn4h : f45d,
			v16-3v94fy782j1ddju9fbafpqa1x0li3bt6 : f45e,
			v16-sz7wtylc6qrwcbsj8aowal9y22hu6lka : f45f,
			v16-8pcqxtjxtvkqo3dgemy49z7fw1d8xsh9 : f460,
			v16-ivjrs8ijaooc3a2dw4790kb2rx4l6kjh : f461,
			v16-rrb2e7qiu68cw7itzq0wzm2hugw1u4lu : f462,
			v16-uetwmlvm6z9eaot1t74vvsgrte9vwi0n : f463,
			v16-0ohst63cgq1mf1syayvfl8mphms8dbes : f464,
			v16-9avusbdkm7q4vcmevr0x88zxewys65wr : f465,
			v16-ip65j4to6y8pionwfd8h22mbl6kp1xya : f466,
			v16-dsfybb9l0x5fyd7e3o5kyisqppifztfu : f467,
			v16-qdhvqjd167ee2byleebhw58j4omhb8pl : f468,
			v16-yc4vm9xepijcjyfdp6mgkvju8engb212 : f469,
			v16-itjusjx5w85jr0udgi40mz7x2kmj1360 : f46a,
			v16-b2i5x0ka1m6pskm3puj9jppl672knd5c : f46b,
			v16-8ax1xqcbzz1hobyd4i7f0unwib1bztip : f46c,
			v16-am79573ydakwiicuct1odx7f2e9zv8lv : f46d,
			v16-gypcofts1tkouwkxbv8d33eanqpreyy9 : f46e,
			v16-6ipws8y9gej6vbloufvhi5qux7rluf64 : f46f,
			v16-3iwbntpxmp0kvbvzaxrh8h30xw1l6zvn : f470,
			v16-giaskl13npzvuuz2ovy3vw8s0bewik08 : f471,
			v16-v4mhug5rzlh2qzlo09kfx03e6e2alqql : f472,
			v16-e6t4yvmv401e9gpo2anslq4uqy2iz692 : f473,
			v16-lnyme20kl7kh26it9yrqk7at10k6i0sf : f474,
			v16-m3m8301t2xdy30x4lp7txm0vztl67tcl : f475,
			v16-raxalm7kdj5at9v49bevw6r2cw7fdv9r : f476,
			v16-r36ey62e6pi493s139u528739kjr3o8w : f477,
			v16-hx5rpl1lxy10jqibjq0jmu0dhruapso4 : f478,
			v16-80fm9zvbe9habbzvsy6w4aymkgz2vu9i : f479,
			v16-o1c30odwfvgcvi5b4jsg95sur8v6ghsp : f47a,
			v16-dplw5xo88mzzr7b45nvjcamyyhni6drs : f47b,
			v16-px45pk7jgwms9zb3zcm44h8al4f3xxkd : f47c,
			v16-i6ej1r6t84xouh0dct7g9zyx3ya9s9eg : f47d,
			v16-97ylvmgyj79w96iwzdanwmf5o4cvo17w : f47e,
			v16-ogmm8kz4f7y6ji50gzajnwed8h6ck2u7 : f47f,
			v16-crns7fze53tnmwvi0wyfhq8whxfmmroz : f480,
			v16-fhpup8jff2yw9kmuwavhyqxogczcbbhj : f481,
			v16-mjbsqg8yglgu0esc6ru2vh111jmh7qng : f482,
			v16-2qh229aneb95ds2afi7dbdsxz9jrbhcl : f483,
			v16-snfl88dncpfb384hoi4rv4vqm08h8at8 : f484,
			v16-a58a5236139282f6c7f906634233157a : f485,
			v16-212ab54aac31030950fec3e2448ebee9 : f486,
			v16-w42gjpwdzqeszptpy1xqp8r77o6gcasj : f487,
			v16-03cmb4p7niofd11yos3fpjjuvvpy7mji : f488,
			v16-uor1aru5x0tewrwsl36amx6hogjv61cs : f489,
			v16-h7disbowd4v177zjlsi6anz5nkka08uy : f48a,
			v16-gq8m9lqx2hhwxf7rz30adbr37rthzirq : f48b,
			v16-897cd776b90c71cb80b467fd9f509775 : f48c
		