
			v49-ThumbsUp : f000,
			v49-ThumbDown : f001,
			v49-RSS : f002,
			v49-Facebook : f003,
			v49-Twitter : f004,
			v49-Pinterest : f005,
			v49-Github : f006,
			v49-Path : f007,
			v49-LinkedIn : f008,
			v49-Dribbble : f009,
			v49-StumbleUpon : f00a,
			v49-Behance : f00b,
			v49-Reddit : f00c,
			v49-GooglePlus : f00d,
			v49-YouTube : f00e,
			v49-Vimeo : f00f,
			v49-Flickr : f010,
			v49-SlideShare : f011,
			v49-Picassa : f012,
			v49-Skype : f013,
			v49-Steam : f014,
			v49-Instagram : f015,
			v49-Fourquare : f016,
			v49-Delicious : f017,
			v49-Chat : f018,
			v49-Person : f019,
			v49-Tumblr : f01a,
			v49-VideoChat : f01b,
			v49-Digg : f01c,
			v49-Wordpress : f01d
		