
			v35-number : e000,
			v35-number-2 : e001,
			v35-number-3 : e002,
			v35-number-4 : e003,
			v35-number-5 : e004,
			v35-number-6 : e005,
			v35-number-7 : e006,
			v35-number-8 : e007,
			v35-number-9 : e008,
			v35-number-10 : e009,
			v35-number-11 : e00a,
			v35-number-12 : e00b,
			v35-number-13 : e00c,
			v35-number-14 : e00d,
			v35-number-15 : e00e,
			v35-number-16 : e00f,
			v35-number-17 : e010,
			v35-number-18 : e011,
			v35-number-19 : e012,
			v35-number-20 : e013,
			v35-quote : e014,
			v35-quote-2 : e015,
			v35-tag : e016,
			v35-tag-2 : e017,
			v35-link : e018,
			v35-link-2 : e019,
			v35-cabinet : e01a,
			v35-cabinet-2 : e01b,
			v35-calendar : e01c,
			v35-calendar-2 : e01d,
			v35-calendar-3 : e01e,
			v35-file : e01f,
			v35-file-2 : e020,
			v35-file-3 : e021,
			v35-files : e022,
			v35-phone : e023,
			v35-tablet : e024,
			v35-window : e025,
			v35-monitor : e026,
			v35-ipod : e027,
			v35-tv : e028,
			v35-camera : e029,
			v35-camera-2 : e02a,
			v35-camera-3 : e02b,
			v35-film : e02c,
			v35-film-2 : e02d,
			v35-film-3 : e02e,
			v35-microphone : e02f,
			v35-microphone-2 : e030,
			v35-microphone-3 : e031,
			v35-drink : e032,
			v35-drink-2 : e033,
			v35-drink-3 : e034,
			v35-drink-4 : e035,
			v35-coffee : e036,
			v35-mug : e037,
			v35-ice-cream : e038,
			v35-cake : e039,
			v35-inbox : e03a,
			v35-download : e03b,
			v35-upload : e03c,
			v35-inbox-2 : e03d,
			v35-checkmark : e03e,
			v35-checkmark-2 : e03f,
			v35-cancel : e040,
			v35-cancel-2 : e041,
			v35-plus : e042,
			v35-plus-2 : e043,
			v35-minus : e044,
			v35-minus-2 : e045,
			v35-notice : e046,
			v35-notice-2 : e047,
			v35-cog : e048,
			v35-cogs : e049,
			v35-cog-2 : e04a,
			v35-warning : e04b,
			v35-health : e04c,
			v35-suitcase : e04d,
			v35-suitcase-2 : e04e,
			v35-suitcase-3 : e04f,
			v35-picture : e050,
			v35-pictures : e051,
			v35-pictures-2 : e052,
			v35-android : e053,
			v35-marvin : e054,
			v35-pacman : e055,
			v35-cassette : e056,
			v35-watch : e057,
			v35-chronometer : e058,
			v35-watch-2 : e059,
			v35-alarm-clock : e05a,
			v35-time : e05b,
			v35-time-2 : e05c,
			v35-headphones : e05d,
			v35-wallet : e05e,
			v35-checkmark-3 : e05f,
			v35-cancel-3 : e060,
			v35-eye : e061,
			v35-position : e062,
			v35-site-map : e063,
			v35-site-map-2 : e064,
			v35-cloud : e065,
			v35-upload-2 : e066,
			v35-chart : e067,
			v35-chart-2 : e068,
			v35-chart-3 : e069,
			v35-chart-4 : e06a,
			v35-chart-5 : e06b,
			v35-chart-6 : e06c,
			v35-location : e06d,
			v35-download-2 : e06e,
			v35-basket : e06f,
			v35-folder : e070,
			v35-gamepad : e071,
			v35-alarm : e072,
			v35-alarm-cancel : e073,
			v35-phone-2 : e074,
			v35-phone-3 : e075,
			v35-image : e076,
			v35-open : e077,
			v35-sale : e078,
			v35-direction : e079,
			v35-map : e07a,
			v35-trashcan : e07b,
			v35-vote : e07c,
			v35-graduate : e07d,
			v35-lab : e07e,
			v35-tie : e07f,
			v35-football : e080,
			v35-eight-ball : e081,
			v35-bowling : e082,
			v35-bowling-pin : e083,
			v35-baseball : e084,
			v35-soccer : e085,
			v35-3d-glasses : e086,
			v35-microwave : e087,
			v35-refrigerator : e088,
			v35-oven : e089,
			v35-washing-machine : e08a,
			v35-mouse : e08b,
			v35-smiley : e08c,
			v35-sad : e08d,
			v35-mute : e08e,
			v35-hand : e08f,
			v35-radio : e090,
			v35-satellite : e091,
			v35-medal : e092,
			v35-medal-2 : e093,
			v35-switch : e094,
			v35-key : e095,
			v35-cord : e096,
			v35-locked : e097,
			v35-unlocked : e098,
			v35-locked-2 : e099,
			v35-unlocked-2 : e09a,
			v35-magnifier : e09b,
			v35-zoom-in : e09c,
			v35-zoom-out : e09d,
			v35-stack : e09e,
			v35-stack-2 : e09f,
			v35-stack-3 : e0a0,
			v35-david-star : e0a1,
			v35-cross : e0a2,
			v35-moon-and-star : e0a3,
			v35-transformers : e0a4,
			v35-batman : e0a5,
			v35-space-invaders : e0a6,
			v35-skeletor : e0a7,
			v35-lamp : e0a8,
			v35-lamp-2 : e0a9,
			v35-umbrella : e0aa,
			v35-street-light : e0ab,
			v35-bomb : e0ac,
			v35-archive : e0ad,
			v35-battery : e0ae,
			v35-battery-2 : e0af,
			v35-battery-3 : e0b0,
			v35-battery-4 : e0b1,
			v35-battery-5 : e0b2,
			v35-megaphone : e0b3,
			v35-megaphone-2 : e0b4,
			v35-patch : e0b5,
			v35-pil : e0b6,
			v35-injection : e0b7,
			v35-thermometer : e0b8,
			v35-lamp-3 : e0b9,
			v35-lamp-4 : e0ba,
			v35-lamp-5 : e0bb,
			v35-cube : e0bc,
			v35-box : e0bd,
			v35-box-2 : e0be,
			v35-diamond : e0bf,
			v35-bag : e0c0,
			v35-money-bag : e0c1,
			v35-grid : e0c2,
			v35-grid-2 : e0c3,
			v35-list : e0c4,
			v35-list-2 : e0c5,
			v35-ruler : e0c6,
			v35-ruler-2 : e0c7,
			v35-layout : e0c8,
			v35-layout-2 : e0c9,
			v35-layout-3 : e0ca,
			v35-layout-4 : e0cb,
			v35-layout-5 : e0cc,
			v35-layout-6 : e0cd,
			v35-layout-7 : e0ce,
			v35-layout-8 : e0cf,
			v35-layout-9 : e0d0,
			v35-layout-10 : e0d1,
			v35-layout-11 : e0d2,
			v35-layout-12 : e0d3,
			v35-layout-13 : e0d4,
			v35-layout-14 : e0d5,
			v35-tools : e0d6,
			v35-screwdriver : e0d7,
			v35-paint : e0d8,
			v35-hammer : e0d9,
			v35-brush : e0da,
			v35-pen : e0db,
			v35-chat : e0dc,
			v35-comments : e0dd,
			v35-chat-2 : e0de,
			v35-chat-3 : e0df,
			v35-volume : e0e0,
			v35-volume-2 : e0e1,
			v35-volume-3 : e0e2,
			v35-equalizer : e0e3,
			v35-resize : e0e4,
			v35-resize-2 : e0e5,
			v35-stretch : e0e6,
			v35-narrow : e0e7,
			v35-resize-3 : e0e8,
			v35-download-3 : e0e9,
			v35-calculator : e0ea,
			v35-library : e0eb,
			v35-auction : e0ec,
			v35-justice : e0ed,
			v35-stats : e0ee,
			v35-stats-2 : e0ef,
			v35-attachment : e0f0,
			v35-hourglass : e0f1,
			v35-abacus : e0f2,
			v35-pencil : e0f3,
			v35-pen-2 : e0f4,
			v35-pin : e0f5,
			v35-pin-2 : e0f6,
			v35-discout : e0f7,
			v35-edit : e0f8,
			v35-scissors : e0f9,
			v35-profile : e0fa,
			v35-profile-2 : e0fb,
			v35-profile-3 : e0fc,
			v35-rotate : e0fd,
			v35-rotate-2 : e0fe,
			v35-reply : e0ff,
			v35-forward : e100,
			v35-retweet : e101,
			v35-shuffle : e102,
			v35-loop : e103,
			v35-crop : e104,
			v35-square : e105,
			v35-square-2 : e106,
			v35-circle : e107,
			v35-dollar : e108,
			v35-dollar-2 : e109,
			v35-coins : e10a,
			v35-pig : e10b,
			v35-bookmark : e10c,
			v35-bookmark-2 : e10d,
			v35-address-book : e10e,
			v35-address-book-2 : e10f,
			v35-safe : e110,
			v35-envelope : e111,
			v35-envelope-2 : e112,
			v35-radio-active : e113,
			v35-music : e114,
			v35-presentation : e115,
			v35-male : e116,
			v35-female : e117,
			v35-aids : e118,
			v35-heart : e119,
			v35-info : e11a,
			v35-info-2 : e11b,
			v35-piano : e11c,
			v35-rain : e11d,
			v35-snow : e11e,
			v35-lightning : e11f,
			v35-sun : e120,
			v35-moon : e121,
			v35-cloudy : e122,
			v35-cloudy-2 : e123,
			v35-car : e124,
			v35-bike : e125,
			v35-truck : e126,
			v35-bus : e127,
			v35-bike-2 : e128,
			v35-plane : e129,
			v35-paper-plane : e12a,
			v35-rocket : e12b,
			v35-book : e12c,
			v35-book-2 : e12d,
			v35-barcode : e12e,
			v35-barcode-2 : e12f,
			v35-expand : e130,
			v35-collapse : e131,
			v35-pop-out : e132,
			v35-pop-in : e133,
			v35-target : e134,
			v35-badge : e135,
			v35-badge-2 : e136,
			v35-ticket : e137,
			v35-ticket-2 : e138,
			v35-ticket-3 : e139,
			v35-microphone-4 : e13a,
			v35-cone : e13b,
			v35-blocked : e13c,
			v35-stop : e13d,
			v35-keyboard : e13e,
			v35-keyboard-2 : e13f,
			v35-radio-2 : e140,
			v35-printer : e141,
			v35-checked : e142,
			v35-error : e143,
			v35-add : e144,
			v35-minus-3 : e145,
			v35-alert : e146,
			v35-pictures-3 : e147,
			v35-atom : e148,
			v35-eyedropper : e149,
			v35-globe : e14a,
			v35-globe-2 : e14b,
			v35-shipping : e14c,
			v35-ying-yang : e14d,
			v35-compass : e14e,
			v35-zip : e14f,
			v35-zip-2 : e150,
			v35-anchor : e151,
			v35-locked-heart : e152,
			v35-magnet : e153,
			v35-navigation : e154,
			v35-tags : e155,
			v35-heart-2 : e156,
			v35-heart-3 : e157,
			v35-usb : e158,
			v35-clipboard : e159,
			v35-clipboard-2 : e15a,
			v35-clipboard-3 : e15b,
			v35-switch-2 : e15c,
			v35-ruler-3 : e15d
		