
			v34-download : e000,
			v34-chat : e001,
			v34-archive : e002,
			v34-user : e003,
			v34-users : e004,
			v34-archive-2 : e005,
			v34-earth : e006,
			v34-location : e007,
			v34-contract : e008,
			v34-mobile : e009,
			v34-screen : e00a,
			v34-mail : e00b,
			v34-support : e00c,
			v34-help : e00d,
			v34-videos : e00e,
			v34-pictures : e00f,
			v34-link : e010,
			v34-search : e011,
			v34-cog : e012,
			v34-trashcan : e013,
			v34-pencil : e014,
			v34-info : e015,
			v34-article : e016,
			v34-clock : e017,
			v34-photoshop : e018,
			v34-illustrator : e019,
			v34-star : e01a,
			v34-heart : e01b,
			v34-bookmark : e01c,
			v34-file : e01d,
			v34-feed : e01e,
			v34-locked : e01f,
			v34-unlocked : e020,
			v34-refresh : e021,
			v34-list : e022,
			v34-share : e023,
			v34-archive-3 : e024,
			v34-images : e025,
			v34-images-2 : e026,
			v34-pencil-2 : e027
		