
			v42-flag : e000,
			v42-resize : e001,
			v42-share : e002,
			v42-heart : e003,
			v42-comment : e004,
			v42-menu : e005,
			v42-grid : e006,
			v42-folder : e007,
			v42-eye : e008,
			v42-clock : e009,
			v42-link : e00a,
			v42-sun : e00b,
			v42-moon : e00c,
			v42-contrast : e00d,
			v42-file : e00e,
			v42-plus : e00f,
			v42-minus : e010,
			v42-cancel : e011,
			v42-divide : e012,
			v42-arrows : e013,
			v42-arrows-2 : e014,
			v42-arrows-3 : e015,
			v42-arrows-4 : e016,
			v42-play : e017,
			v42-pause : e018,
			v42-stop : e019,
			v42-record : e01a,
			v42-checkmark : e01b,
			v42-cancel-2 : e01c,
			v42-move : e01d,
			v42-file-2 : e01e,
			v42-switch : e01f,
			v42-screen : e020,
			v42-music : e021,
			v42-alert : e022,
			v42-locked : e023,
			v42-popup : e024,
			v42-bars : e025,
			v42-location : e026,
			v42-calendar : e027,
			v42-battery : e028,
			v42-mail : e029,
			v42-droplet : e02a,
			v42-star : e02b,
			v42-direction : e02c,
			v42-volume : e02d,
			v42-meter : e02e,
			v42-bookmark : e02f,
			v42-magnifier : e030,
			v42-film : e031,
			v42-inbox : e032,
			v42-pacman : e033,
			v42-target : e034,
			v42-transform : e035,
			v42-paperplane : e036,
			v42-power : e037,
			v42-cloud : e038,
			v42-zip : e039,
			v42-equalizer : e03a,
			v42-happy : e03b,
			v42-lab : e03c,
			v42-activity : e03d,
			v42-credit-card : e03e,
			v42-gear : e03f,
			v42-mobile : e040,
			v42-justice : e041,
			v42-ipod : e042,
			v42-picture : e043,
			v42-camera : e044,
			v42-calculator : e045,
			v42-microphone : e046,
			v42-compass : e047,
			v42-thermometer : e048,
			v42-pencil : e049,
			v42-grid-2 : e04a,
			v42-wallet : e04b,
			v42-cube : e04c,
			v42-cabinet : e04d,
			v42-chat : e04e,
			v42-headset : e04f,
			v42-blocked : e050,
			v42-expand : e051,
			v42-collapse : e052,
			v42-user : e053,
			v42-users : e054,
			v42-code : e055,
			v42-arrow : e056,
			v42-arrow-2 : e057,
			v42-arrow-3 : e058,
			v42-arrow-4 : e059,
			v42-feed : e05a,
			v42-twitter : e05b,
			v42-dribbble : e05c,
			v42-facebook : e05d,
			v42-briefcase : e05e,
			v42-skype : e05f,
			v42-anchor : e060,
			v42-movie : e061,
			v42-analytics : e062,
			v42-home : e063,
			v42-transfer : e064,
			v42-camera-2 : e065,
			v42-wrench : e066,
			v42-alarm : e067,
			v42-eject : e068
		