
			v37-arrow-right : e000,
			v37-arrow-left : e001,
			v37-arrow-up : e002,
			v37-arrow-down : e003,
			v37-plus : e004,
			v37-minus : e005,
			v37-stats : e006,
			v37-broadcast : e007,
			v37-enter : e008,
			v37-download : e009,
			v37-mobile : e00a,
			v37-mobile-2 : e00b,
			v37-screen : e00c,
			v37-stats-2 : e00d,
			v37-user : e00e,
			v37-heart : e00f,
			v37-heart-2 : e010,
			v37-frame : e011,
			v37-plus-2 : e012,
			v37-minus-2 : e013,
			v37-checkbox-checked : e014,
			v37-alert : e015,
			v37-comment : e016,
			v37-chat : e017,
			v37-bookmark : e018,
			v37-locked : e019,
			v37-unlock : e01a,
			v37-film : e01b,
			v37-camera : e01c,
			v37-camera-2 : e01d,
			v37-painting : e01e,
			v37-painting-2 : e01f,
			v37-reload : e020,
			v37-credit-card : e021,
			v37-vcard : e022,
			v37-marker : e023,
			v37-list : e024,
			v37-file : e025,
			v37-thumbs-up : e026,
			v37-printer : e027,
			v37-untitled : e028,
			v37-popout : e029,
			v37-popout-2 : e02a,
			v37-printer-2 : e02b,
			v37-battery-full : e02c,
			v37-battery-low : e02d,
			v37-battery : e02e,
			v37-hash : e02f,
			v37-trashcan : e030,
			v37-crop : e031,
			v37-apple : e032,
			v37-cart : e033,
			v37-pause : e034,
			v37-play : e035,
			v37-next : e036,
			v37-previous : e037,
			v37-next-2 : e038,
			v37-previous-2 : e039,
			v37-record : e03a,
			v37-eject : e03b,
			v37-disk : e03c,
			v37-equalizer : e03d,
			v37-desktop : e03e,
			v37-grid : e03f,
			v37-frame-2 : e040,
			v37-board : e041,
			v37-shrink : e042,
			v37-expand : e043,
			v37-tree : e044,
			v37-paper-plane : e045
		