
			v52-untitled : e000,
			v52-untitled-2 : e001,
			v52-untitled-3 : e002,
			v52-untitled-4 : e003,
			v52-untitled-5 : e004,
			v52-untitled-6 : e005,
			v52-untitled-7 : e006,
			v52-untitled-8 : e007,
			v52-untitled-9 : e008,
			v52-untitled-10 : e009,
			v52-untitled-11 : e00a,
			v52-untitled-12 : e00b,
			v52-untitled-13 : e00c,
			v52-untitled-14 : e00d,
			v52-untitled-15 : e00e,
			v52-untitled-16 : e00f,
			v52-untitled-17 : e010,
			v52-untitled-18 : e011,
			v52-untitled-19 : e012,
			v52-untitled-20 : e013,
			v52-untitled-21 : e014,
			v52-untitled-22 : e015,
			v52-untitled-23 : e016,
			v52-untitled-24 : e017,
			v52-untitled-25 : e018,
			v52-untitled-26 : e019,
			v52-untitled-27 : e01a,
			v52-untitled-28 : e01b,
			v52-untitled-29 : e01c,
			v52-untitled-30 : e01d,
			v52-untitled-31 : e01e,
			v52-untitled-32 : e01f,
			v52-untitled-33 : e020,
			v52-untitled-34 : e021,
			v52-untitled-35 : e022,
			v52-untitled-36 : e023,
			v52-untitled-37 : e024,
			v52-untitled-38 : e025,
			v52-untitled-39 : e026,
			v52-untitled-40 : e027,
			v52-untitled-41 : e028,
			v52-untitled-42 : e029,
			v52-untitled-43 : e02a,
			v52-untitled-44 : e02b,
			v52-untitled-45 : e02c,
			v52-untitled-46 : e02d,
			v52-untitled-47 : e02e,
			v52-untitled-48 : e02f,
			v52-untitled-49 : e030,
			v52-untitled-50 : e031,
			v52-untitled-51 : e032,
			v52-untitled-52 : e033,
			v52-untitled-53 : e034,
			v52-untitled-54 : e035,
			v52-untitled-55 : e036,
			v52-untitled-56 : e037,
			v52-untitled-57 : e038,
			v52-untitled-58 : e039,
			v52-untitled-59 : e03a,
			v52-untitled-60 : e03b,
			v52-untitled-61 : e03c,
			v52-untitled-62 : e03d,
			v52-untitled-63 : e03e,
			v52-untitled-64 : e03f,
			v52-untitled-65 : e040,
			v52-untitled-66 : e041,
			v52-untitled-67 : e042,
			v52-untitled-68 : e043,
			v52-untitled-69 : e044,
			v52-untitled-70 : e045,
			v52-untitled-71 : e046,
			v52-untitled-72 : e047,
			v52-untitled-73 : e048,
			v52-untitled-74 : e049,
			v52-untitled-75 : e04a,
			v52-untitled-76 : e04b,
			v52-untitled-77 : e04c,
			v52-untitled-78 : e04d,
			v52-untitled-79 : e04e,
			v52-untitled-80 : e04f,
			v52-untitled-81 : e050,
			v52-untitled-82 : e051,
			v52-untitled-83 : e052,
			v52-untitled-84 : e053,
			v52-untitled-85 : e054,
			v52-untitled-86 : e055,
			v52-untitled-87 : e056,
			v52-untitled-88 : e057,
			v52-untitled-89 : e058,
			v52-untitled-90 : e059,
			v52-untitled-91 : e05a,
			v52-untitled-92 : e05b,
			v52-untitled-93 : e05c,
			v52-untitled-94 : e05d,
			v52-untitled-95 : e05e,
			v52-untitled-96 : e05f,
			v52-untitled-97 : e060,
			v52-untitled-98 : e061,
			v52-untitled-99 : e062,
			v52-untitled-100 : e063,
			v52-untitled-101 : e064,
			v52-untitled-102 : e065,
			v52-untitled-103 : e066,
			v52-untitled-104 : e067,
			v52-untitled-105 : e068,
			v52-untitled-106 : e069,
			v52-untitled-107 : e06a,
			v52-untitled-108 : e06b,
			v52-untitled-109 : e06c,
			v52-untitled-110 : e06d,
			v52-untitled-111 : e06e,
			v52-untitled-112 : e06f,
			v52-untitled-113 : e070,
			v52-untitled-114 : e071,
			v52-untitled-115 : e072,
			v52-untitled-116 : e073,
			v52-untitled-117 : e074,
			v52-untitled-118 : e075,
			v52-untitled-119 : e076,
			v52-untitled-120 : e077,
			v52-untitled-121 : e078,
			v52-untitled-122 : e079,
			v52-untitled-123 : e07a,
			v52-untitled-124 : e07b,
			v52-untitled-125 : e07c,
			v52-untitled-126 : e07d,
			v52-untitled-127 : e07e,
			v52-untitled-128 : e07f,
			v52-untitled-129 : e080,
			v52-untitled-130 : e081,
			v52-untitled-131 : e082,
			v52-untitled-132 : e083,
			v52-untitled-133 : e084,
			v52-untitled-134 : e085,
			v52-untitled-135 : e086,
			v52-untitled-136 : e087,
			v52-untitled-137 : e088,
			v52-untitled-138 : e089,
			v52-untitled-139 : e08a,
			v52-untitled-140 : e08b,
			v52-untitled-141 : e08c,
			v52-untitled-142 : e08d,
			v52-untitled-143 : e08e,
			v52-untitled-144 : e08f,
			v52-untitled-145 : e090,
			v52-untitled-146 : e091,
			v52-untitled-147 : e092,
			v52-untitled-148 : e093,
			v52-untitled-149 : e094,
			v52-untitled-150 : e095,
			v52-untitled-151 : e096,
			v52-untitled-152 : e097,
			v52-untitled-153 : e098,
			v52-untitled-154 : e099,
			v52-untitled-155 : e09a,
			v52-untitled-156 : e09b,
			v52-untitled-157 : e09c,
			v52-untitled-158 : e09d,
			v52-untitled-159 : e09e,
			v52-untitled-160 : e09f,
			v52-untitled-161 : e0a0,
			v52-untitled-162 : e0a1,
			v52-untitled-163 : e0a2,
			v52-untitled-164 : e0a3,
			v52-untitled-165 : e0a4,
			v52-untitled-166 : e0a5,
			v52-untitled-167 : e0a6,
			v52-untitled-168 : e0a7,
			v52-untitled-169 : e0a8,
			v52-untitled-170 : e0a9,
			v52-untitled-171 : e0aa,
			v52-untitled-172 : e0ab,
			v52-untitled-173 : e0ac,
			v52-untitled-174 : e0ad,
			v52-untitled-175 : e0ae,
			v52-untitled-176 : e0af,
			v52-untitled-177 : e0b0,
			v52-untitled-178 : e0b1,
			v52-untitled-179 : e0b2,
			v52-untitled-180 : e0b3,
			v52-untitled-181 : e0b4,
			v52-untitled-182 : e0b5,
			v52-untitled-183 : e0b6,
			v52-untitled-184 : e0b7,
			v52-untitled-185 : e0b8,
			v52-untitled-186 : e0b9,
			v52-untitled-187 : e0ba,
			v52-untitled-188 : e0bb,
			v52-untitled-189 : e0bc,
			v52-untitled-190 : e0bd,
			v52-untitled-191 : e0be,
			v52-untitled-192 : e0bf,
			v52-untitled-193 : e0c0,
			v52-untitled-194 : e0c1,
			v52-untitled-195 : e0c2,
			v52-untitled-196 : e0c3,
			v52-untitled-197 : e0c4,
			v52-untitled-198 : e0c5,
			v52-untitled-199 : e0c6,
			v52-untitled-200 : e0c7,
			v52-untitled-201 : e0c8,
			v52-untitled-202 : e0c9,
			v52-untitled-203 : e0ca,
			v52-untitled-204 : e0cb,
			v52-untitled-205 : e0cc,
			v52-untitled-206 : e0cd,
			v52-untitled-207 : e0ce,
			v52-untitled-208 : e0cf,
			v52-untitled-209 : e0d0,
			v52-untitled-210 : e0d1,
			v52-untitled-211 : e0d2,
			v52-untitled-212 : e0d3,
			v52-untitled-213 : e0d4,
			v52-untitled-214 : e0d5,
			v52-untitled-215 : e0d6,
			v52-untitled-216 : e0d7,
			v52-untitled-217 : e0d8,
			v52-untitled-218 : e0d9,
			v52-untitled-219 : e0da,
			v52-untitled-220 : e0db,
			v52-untitled-221 : e0dc,
			v52-untitled-222 : e0dd,
			v52-untitled-223 : e0de,
			v52-untitled-224 : e0df,
			v52-untitled-225 : e0e0,
			v52-untitled-226 : e0e1,
			v52-untitled-227 : e0e2,
			v52-untitled-228 : e0e3,
			v52-untitled-229 : e0e4,
			v52-untitled-230 : e0e5,
			v52-untitled-231 : e0e6,
			v52-untitled-232 : e0e7,
			v52-untitled-233 : e0e8,
			v52-untitled-234 : e0e9,
			v52-untitled-235 : e0ea,
			v52-untitled-236 : e0eb,
			v52-untitled-237 : e0ec,
			v52-untitled-238 : e0ed,
			v52-untitled-239 : e0ee,
			v52-untitled-240 : e0ef,
			v52-untitled-241 : e0f0,
			v52-untitled-242 : e0f1,
			v52-untitled-243 : e0f2,
			v52-untitled-244 : e0f3,
			v52-untitled-245 : e0f4,
			v52-untitled-246 : e0f5,
			v52-untitled-247 : e0f6,
			v52-untitled-248 : e0f7,
			v52-untitled-249 : e0f8,
			v52-untitled-250 : e0f9,
			v52-untitled-251 : e0fa,
			v52-untitled-252 : e0fb,
			v52-untitled-253 : e0fc,
			v52-untitled-254 : e0fd,
			v52-untitled-255 : e0fe,
			v52-untitled-256 : e0ff,
			v52-untitled-257 : e100,
			v52-untitled-258 : e101,
			v52-untitled-259 : e102,
			v52-untitled-260 : e103,
			v52-untitled-261 : e104,
			v52-untitled-262 : e105,
			v52-untitled-263 : e106,
			v52-untitled-264 : e107,
			v52-untitled-265 : e108,
			v52-untitled-266 : e109,
			v52-untitled-267 : e10a,
			v52-untitled-268 : e10b,
			v52-untitled-269 : e10c,
			v52-untitled-270 : e10d,
			v52-untitled-271 : e10e,
			v52-untitled-272 : e10f,
			v52-untitled-273 : e110,
			v52-untitled-274 : e111,
			v52-untitled-275 : e112,
			v52-untitled-276 : e113,
			v52-untitled-277 : e114,
			v52-untitled-278 : e115,
			v52-untitled-279 : e116,
			v52-untitled-280 : e117,
			v52-untitled-281 : e118,
			v52-untitled-282 : e119,
			v52-untitled-283 : e11a,
			v52-untitled-284 : e11b,
			v52-untitled-285 : e11c,
			v52-untitled-286 : e11d,
			v52-untitled-287 : e11e,
			v52-untitled-288 : e11f,
			v52-untitled-289 : e120,
			v52-untitled-290 : e121,
			v52-untitled-291 : e122,
			v52-untitled-292 : e123,
			v52-untitled-293 : e124,
			v52-untitled-294 : e125,
			v52-untitled-295 : e126,
			v52-untitled-296 : e127,
			v52-untitled-297 : e128,
			v52-untitled-298 : e129,
			v52-untitled-299 : e12a,
			v52-untitled-300 : e12b
		