
			v104_2-ordfeminine : aa,
			v104_2-delta : 3b4,
			v104_2-Aringacute : 1fa,
			v104_2-backslash : 5c,
			v104_2-section : a7,
			v104_2-Omegatonos : 38f,
			v104_2-hyphen : 2d,
			v104_2-Aogonek : 104,
			v104_2-perthousand : 2030,
			v104_2-oneeighth : 215b,
			v104_2-Dcaron : 10e,
			v104_2-paragraph : b6,
			v104_2-epsilon : 3b5,
			v104_2-lira : 20a4,
			v104_2-Zcaron : 17d,
			v104_2-gravecomb : 300,
			v104_2-AE : c6,
			v104_2-ordmasculine : ba,
			v104_2-AEacute : 1fc,
			v104_2-ringcap : e000,
			v104_2-asciitilde : 7e,
			v104_2-Zacute : 179,
			v104_2-Cacute : 106,
			v104_2-plus : 2b,
			v104_2-Ccircumflex : 108,
			v104_2-zeta : 3b6,
			v104_2-ellipsis : 2026,
			v104_2-gravecombcap : e001,
			v104_2-cacute : 107,
			v104_2-f_l : fb02,
			v104_2-Ccaron : 10c,
			v104_2-acute : b4,
			v104_2-ccircumflex : 109,
			v104_2-minus : 2212,
			v104_2-onequarter : bc,
			v104_2-threeeighths : 215c,
			v104_2-Cdotaccent : 10a,
			v104_2-Dcroat : 110,
			v104_2-period : 2e,
			v104_2-ccaron : 10d,
			v104_2-cdotaccent : 10b,
			v104_2-tcaron : 165,
			v104_2-tcommaaccent : 163,
			v104_2-ccedilla : e7,
			v104_2-Upsilondieresis : 3ab,
			v104_2-Upsilontonos : 38e,
			v104_2-Egrave : c8,
			v104_2-dcaron : 10f,
			v104_2-onehalf : bd,
			v104_2-plusminus : b1,
			v104_2-fiveeighths : 215d,
			v104_2-Eacute : c9,
			v104_2-Ecircumflex : ca,
			v104_2-Ecaron : 11a,
			v104_2-eta : 3b7,
			v104_2-theta : 3b8,
			v104_2-dcroat : 111,
			v104_2-iota : 3b9,
			v104_2-Edieresis : cb,
			v104_2-Emacron : 112,
			v104_2-Alpha : 391,
			v104_2-kappa : 3ba,
			v104_2-Ebreve : 114,
			v104_2-Edotaccent : 116,
			v104_2-egrave : e8,
			v104_2-Eogonek : 118,
			v104_2-Gcircumflex : 11c,
			v104_2-Gbreve : 11e,
			v104_2-Gdotaccent : 120,
			v104_2-eacute : e9,
			v104_2-Gcommaaccent : 122,
			v104_2-Hcircumflex : 124,
			v104_2-multiply : d7,
			v104_2-Hbar : 126,
			v104_2-Igrave : cc,
			v104_2-Iacute : cd,
			v104_2-threequarters : be,
			v104_2-Icircumflex : ce,
			v104_2-ecircumflex : ea,
			v104_2-ecaron : 11b,
			v104_2-Itilde : 128,
			v104_2-Idieresis : cf,
			v104_2-lambda : 3bb,
			v104_2-edieresis : eb,
			v104_2-Imacron : e002,
			v104_2-Chi : 3a7,
			v104_2-emacron : 113,
			v104_2-Omicrontonos : 38c,
			v104_2-Ibreve : 12c,
			v104_2-ebreve : 115,
			v104_2-IJ : 132,
			v104_2-mu : b5,
			v104_2-Idotaccent : 130,
			v104_2-Iogonek : 12e,
			v104_2-tbar : 167,
			v104_2-edotaccent : 117,
			v104_2-seveneighths : 215e,
			v104_2-notequal : 2260,
			v104_2-approxequal : 2248,
			v104_2-eogonek : 119,
			v104_2-Jcircumflex : 134,
			v104_2-Kcommaaccent : 136,
			v104_2-Lacute : 139,
			v104_2-Lcaron : 13d,
			v104_2-Lcommaaccent : 13b,
			v104_2-Lslash : 141,
			v104_2-Ldot : 13f,
			v104_2-Nacute : 143,
			v104_2-Ncaron : 147,
			v104_2-ugrave : f9,
			v104_2-gcircumflex : 11d,
			v104_2-gbreve : 11f,
			v104_2-Ntilde : d1,
			v104_2-Ncommaaccent : 145,
			v104_2-Ograve : d2,
			v104_2-gdotaccent : 121,
			v104_2-Oacute : d3,
			v104_2-Ocircumflex : d4,
			v104_2-Otilde : d5,
			v104_2-Odieresis : d6,
			v104_2-Omacron : 14c,
			v104_2-Obreve : 14e,
			v104_2-Ohungarumlaut : 150,
			v104_2-uacute : fa,
			v104_2-Oslash : d8,
			v104_2-Oslashacute : 1fe,
			v104_2-OE : 152,
			v104_2-Racute : 154,
			v104_2-Rcaron : 158,
			v104_2-Rcommaaccent : 156,
			v104_2-asciicircum : 5e,
			v104_2-less : 3c,
			v104_2-gcommaaccent : 123,
			v104_2-Sacute : 15a,
			v104_2-hcircumflex : 125,
			v104_2-Scircumflex : 15c,
			v104_2-hbar : 127,
			v104_2-Scaron : 160,
			v104_2-igrave : ec,
			v104_2-Scedilla : 15e
		