
			v38-pilcrow : b6,
			v38-multiply : d7,
			v38-divide : f7,
			v38-pipe : 1c0,
			v38-ring : 2da,
			v38-dagger : 2020,
			v38-tie : 2040,
			v38-euro : 20ac,
			v38-home : 21b8,
			v38-capslock : 21ea,
			v38-gradient : 2207,
			v38-minus : 2212,
			v38-infinity : 221e,
			v38-intersection : 2229,
			v38-image : 22b7,
			v38-fork : 22d4,
			v38-bell : 2407,
			v38-chair : 2441,
			v38-rectangle : 25ad,
			v38-triangle : 25b3,
			v38-yinyang : 262f,
			v38-smile : 263a,
			v38-compass : 263c,
			v38-diamond : 2666,
			v38-checkmark : 2713,
			v38-wallet : e000,
			v38-uniF470 : f470,
			v38-uniF471 : f471,
			v38-uniF472 : f472,
			v38-uniF473 : f473,
			v38-uniF474 : f474,
			v38-uniF475 : f475,
			v38-uniF476 : f476,
			v38-uniF477 : f477,
			v38-uniF478 : f478,
			v38-uniF479 : f479,
			v38-uniF47A : f47a,
			v38-uniF47B : f47b,
			v38-uniF47C : f47c,
			v38-uniF47D : f47d,
			v38-uniF47E : f47e,
			v38-uniF47F : f47f,
			v38-uniF480 : f480,
			v38-uniF481 : f481,
			v38-uniF482 : f482,
			v38-uniF483 : f483,
			v38-uniF484 : f484,
			v38-uniF485 : f485,
			v38-uniF486 : f486,
			v38-uniF487 : f487,
			v38-uniF488 : f488,
			v38-uniF489 : f489,
			v38-uniF48A : f48a,
			v38-uniF48B : f48b,
			v38-pigpena : f456,
			v38-pigpenb : f457,
			v38-pigpenc : f458,
			v38-pigpend : f459,
			v38-pigpene : f45a,
			v38-pigpenf : f45b,
			v38-pigpeng : f45c,
			v38-pigpenh : f45d,
			v38-pigpeni : f45e,
			v38-pigpenj : f45f,
			v38-pigpenk : f460,
			v38-pigpenl : f461,
			v38-pigpenm : f462,
			v38-pigpenn : f463,
			v38-pigpeno : f464,
			v38-pigpenp : f465,
			v38-pigpenq : f466,
			v38-pigpenr : f467,
			v38-pigpens : f468,
			v38-pigpent : f469,
			v38-pigpenu : f46a,
			v38-pigpenv : f46b,
			v38-pigpenw : f46c,
			v38-pigpenx : f46d,
			v38-pigpeny : f46e,
			v38-pigpenz : f46f,
			v38-braillea : f431,
			v38-brailleb : f432,
			v38-braillec : f433,
			v38-brailled : f434,
			v38-braillee : f435,
			v38-braillef : f436,
			v38-brailleg : f437,
			v38-brailleh : f438,
			v38-braillei : f439,
			v38-braillej : f43a,
			v38-braillek : f43b,
			v38-braillel : f43c,
			v38-braillem : f43d,
			v38-braillen : f43e,
			v38-brailleo : f43f,
			v38-braillep : f440,
			v38-brailleq : f441,
			v38-brailler : f442,
			v38-brailles : f443,
			v38-braillet : f444,
			v38-brailleu : f445,
			v38-braillev : f446,
			v38-braillew : f447,
			v38-braillex : f448,
			v38-brailley : f449,
			v38-braillez : f44a,
			v38-braille0 : f44b,
			v38-braille1 : f44c,
			v38-braille2 : f44d,
			v38-braille3 : f44e,
			v38-braille4 : f44f,
			v38-braille5 : f450,
			v38-braille6 : f451,
			v38-braille7 : f452,
			v38-braille8 : f453,
			v38-braille9 : f454,
			v38-braillespace : f455,
			v38-hydrant : f3ff,
			v38-fort : f400,
			v38-cannon : f401,
			v38-route : f402,
			v38-gameboy : f403,
			v38-nintendods : f404,
			v38-baloon : f405,
			v38-greenlightbulb : f406,
			v38-egg : f407,
			v38-pasta : f408,
			v38-dna : f409,
			v38-broom : f40a,
			v38-speed : f40b,
			v38-stumbleupon : f40c,
			v38-fridge : f40d,
			v38-davidstar : f40e,
			v38-christiancross : f40f,
			v38-islam : f410,
			v38-torigate : f411,
			v38-desklamp : f412,
			v38-aaabattery : f413,
			v38-sharethree : f414,
			v38-danger : f415,
			v38-razor : f416,
			v38-safetypin : f417,
			v38-cricket : f418,
			v38-searchdocument : f419,
			v38-searchfolder : f41a,
			v38-wind : f41b,
			v38-breakable : f41c,
			v38-thissideup : f41d,
			v38-pictureframe : f41e,
			v38-alienship : f41f,
			v38-firefox : f420,
			v38-blackberry : f421,
			v38-travel : f422,
			v38-tank : f423,
			v38-windleft : f424,
			v38-windright : f425,
			v38-screw : f426,
			v38-nut : f427,
			v38-nail : f428,
			v38-stiletto : f429,
			v38-foursquare : f42a,
			v38-fishbone : f42b,
			v38-teapot : f42c,
			v38-candy : f42d,
			v38-microwave : f42e,
			v38-bread : f42f,
			v38-weight : f430,
			v38-superman : f33f,
			v38-greenlantern : f340,
			v38-captainamerica : f341,
			v38-avengers : f342,
			v38-punisher : f343,
			v38-spawn : f344,
			v38-xmen : f345,
			v38-spider : f346,
			v38-spiderman : f347,
			v38-batman : f348,
			v38-ironman : f349,
			v38-darthvader : f34a,
			v38-tetrisone : f34b,
			v38-tetristwo : f34c,
			v38-tetristhree : f34d,
			v38-apple : f34e,
			v38-tron : f34f,
			v38-residentevil : f350,
			v38-designcontest : f351,
			v38-spaceinvaders : f352,
			v38-xbox : f353,
			v38-pokemon : f354,
			v38-quake : f355,
			v38-aperture : f356,
			v38-robocop : f357,
			v38-rorschach : f358,
			v38-chicken : f359,
			v38-fish : f35a,
			v38-cupcake : f35b,
			v38-pizza : f35c,
			v38-cherry : f35d,
			v38-mushroom : f35e,
			v38-bone : f35f,
			v38-steak : f360,
			v38-bottle : f361,
			v38-restaurantmenu : f362,
			v38-muffin : f363,
			v38-pepperoni : f364,
			v38-sunnysideup : f365,
			v38-coffeebean : f366,
			v38-chocolate : f367,
			v38-raspberry : f368,
			v38-raspberrypi : f369,
			v38-fries : f36a,
			v38-birthday : f36b,
			v38-globe : f36c,
			v38-glue : f36d,
			v38-eightball : f36e,
			v38-rim : f36f,
			v38-lego : f370,
			v38-stove : f371,
			v38-speaker : f372,
			v38-submarine : f373,
			v38-metronome : f374,
			v38-trumpet : f375,
			v38-knob : f376,
			v38-cassette : f377,
			v38-watch : f378,
			v38-viking : f379,
			v38-mickeymouse : f37a,
			v38-christmastree : f37b,
			v38-snowman : f37c,
			v38-candycane : f37d,
			v38-treeornament : f37e,
			v38-bowtie : f37f,
			v38-lifehacker : f380,
			v38-favoritefile : f381,
			v38-favoritefolder : f382,
			v38-crayon : f383,
			v38-toiletpaper : f384,
			v38-toothbrush : f385,
			v38-bluetoothconnected : f386,
			v38-handpointdown : f387,
			v38-handpointright : f388,
			v38-handpointleft : f389,
			v38-satellite : f38a,
			v38-harrypotter : f38b,
			v38-jason : f38c,
			v38-skull : f38d,
			v38-raceflag : f38e,
			v38-doghouse : f38f,
			v38-birdhouse : f390,
			v38-phonemic : f391,
			v38-island : f392,
			v38-handcuffs : f393,
			v38-addtocart : f394,
			v38-emptycart : f395,
			v38-lasso : f396,
			v38-polygonlasso : f397,
			v38-finder : f398,
			v38-dialpad : f399,
			v38-tictactoe : f39a,
			v38-washer : f39b,
			v38-theather : f39c,
			v38-glassesalt : f39d,
			v38-skypeonline : f39e,
			v38-skypeaway : f39f,
			v38-skypebusy : f3a0,
			v38-skypeoffline : f3a1,
			v38-grooveshark : f3a2,
			v38-lastfm : f3a3,
			v38-taxi : f3a4,
			v38-macpro : f3a5,
			v38-keyboarddelete : f3a6,
			v38-gearfour : f3a7,
			v38-flowernew : f3a8,
			v38-signal : f3a9,
			v38-aries : f3aa,
			v38-taurus : f3ab,
			v38-gemini : f3ac,
			v38-cancer : f3ad,
			v38-leo : f3ae,
			v38-virgo : f3af,
			v38-libra : f3b0,
			v38-scorpio : f3b1,
			v38-sagitarius : f3b2,
			v38-capricorn : f3b3,
			v38-aquarius : f3b4,
			v38-pisces : f3b5,
			v38-oneupalt : f3b6,
			v38-oneup : f3b7,
			v38-zelda : f3b8,
			v38-atari : f3b9,
			v38-halflife : f3ba,
			v38-halo : f3bb,
			v38-walle : f3bc,
			v38-monstersinc : f3bd,
			v38-alienware : f3be,
			v38-warcraft : f3bf,
			v38-drwho : f3c0,
			v38-angrybirds : f3c1,
			v38-visa : f3c2,
			v38-webplatform : f3c3,
			v38-parentheses : f3c4,
			v38-vendetta : f3c5,
			v38-circleleft : f3c6,
			v38-circledown : f3c7,
			v38-circleup : f3c8,
			v38-circleright : f3c9,
			v38-donut : f3ca,
			v38-tea : f3cb,
			v38-hotdog : f3cc,
			v38-taco : f3cd,
			v38-chef : f3ce,
			v38-pretzel : f3cf,
			v38-foodtray : f3d0,
			v38-soup : f3d1,
			v38-bowlingpins : f3d2,
			v38-bat : f3d3,
			v38-dart : f3d4,
			v38-domino : f3d5,
			v38-stadium : f3d6,
			v38-curling : f3d7,
			v38-whistle : f3d8,
			v38-hockey : f3d9,
			v38-addfriend : f3da,
			v38-removefriend : f3db,
			v38-ticket : f3dc,
			v38-marvin : f3dd,
			v38-tooth : f3de,
			v38-lungs : f3df,
			v38-kidney : f3e0,
			v38-stomach : f3e1,
			v38-liver : f3e2,
			v38-brain : f3e3,
			v38-helicopter : f3e4,
			v38-invoice : f3e5,
			v38-lighthouse : f3e6,
			v38-diode : f3e7,
			v38-capacitator : f3e8,
			v38-dcsource : f3e9,
			v38-acsource : f3ea,
			v38-resistor : f3eb,
			v38-antenna : f3ec,
			v38-filmstrip : f3ed,
			v38-lollypop : f3ee,
			v38-telescope : f3ef,
			v38-tophat : f3f0,
			v38-fedora : f3f1,
			v38-carrot : f3f2,
			v38-strawberry : f3f3,
			v38-banana : f3f4,
			v38-sticker : f3f5,
			v38-ink : f3f6,
			v38-dieone : f3f7,
			v38-dietwo : f3f8,
			v38-diethree : f3f9,
			v38-diefour : f3fa,
			v38-diefive : f3fb,
			v38-diesix : f3fc,
			v38-scales : f3fd,
			v38-wheelchair : f3fe,
			v38-uniF000 : f000,
			v38-uniF001 : f001,
			v38-uniF002 : f002,
			v38-uniF003 : f003,
			v38-uniF004 : f004,
			v38-uniF005 : f005,
			v38-uniF006 : f006,
			v38-uniF007 : f007,
			v38-uniF008 : f008,
			v38-uniF009 : f009,
			v38-uniF00A : f00a,
			v38-uniF00B : f00b,
			v38-uniF00C : f00c,
			v38-uniF00D : f00d,
			v38-uniF00E : f00e,
			v38-uniF00F : f00f,
			v38-uniF010 : f010,
			v38-uniF011 : f011,
			v38-uniF012 : f012,
			v38-uniF013 : f013,
			v38-uniF014 : f014,
			v38-support3 : f015,
			v38-reliability : f016,
			v38-uptime : f017,
			v38-value : f018,
			v38-windows : f019,
			v38-linux : f01a,
			v38-domain : f01b,
			v38-domain2 : f01c,
			v38-domain3 : f01d,
			v38-affiliate : f01e,
			v38-intel : f01f,
			v38-amd : f020,
			v38-firewall : f021,
			v38-link : f022,
			v38-colocation2 : f023,
			v38-colocation3 : f024,
			v38-vps : f025,
			v38-server : f026,
			v38-servers : f027,
			v38-email : f028
		