
			v32-home : e000,
			v32-list : e001,
			v32-book : e002,
			v32-pencil : e003,
			v32-bookmark : e004,
			v32-pointer : e005,
			v32-cloud : e006,
			v32-cloud-ul : e007,
			v32-cloud-dl : e008,
			v32-search : e009,
			v32-folder : e00a,
			v32-trashcan : e00b,
			v32-droplet : e00c,
			v32-tag : e00d,
			v32-moon : e00e,
			v32-eye : e00f,
			v32-target : e010,
			v32-blocked : e011,
			v32-switch : e012,
			v32-goal : e013,
			v32-location : e014,
			v32-close : e015,
			v32-checkmark : e016,
			v32-munis : e017,
			v32-plus : e018,
			v32-close-2 : e019,
			v32-divide : e01a,
			v32-minus : e01b,
			v32-plus-2 : e01c,
			v32-equals : e01d,
			v32-cancel : e01e,
			v32-minus-2 : e01f,
			v32-checkmark-2 : e020,
			v32-equals-2 : e021,
			v32-asterisk : e022,
			v32-mobile : e023,
			v32-tablet : e024,
			v32-phone : e025,
			v32-bars : e026,
			v32-stack : e027,
			v32-battery : e028,
			v32-battery-2 : e029,
			v32-battery-3 : e02a,
			v32-calculator : e02b,
			v32-bolt : e02c,
			v32-list-2 : e02d,
			v32-grid : e02e,
			v32-list-3 : e02f,
			v32-list-4 : e030,
			v32-layout : e031,
			v32-equalizer : e032,
			v32-equalizer-2 : e033,
			v32-cog : e034,
			v32-window : e035,
			v32-window-2 : e036,
			v32-window-3 : e037,
			v32-window-4 : e038,
			v32-locked : e039,
			v32-unlocked : e03a,
			v32-shield : e03b,
			v32-cart : e03c,
			v32-console : e03d,
			v32-office : e03e,
			v32-basket : e03f,
			v32-suitcase : e040,
			v32-airplane : e041,
			v32-file-download : e042,
			v32-file-upload : e043,
			v32-file : e044,
			v32-file-add : e045,
			v32-file-remove : e046,
			v32-bars-2 : e047,
			v32-chart : e048,
			v32-stats : e049,
			v32-arrow-right : e04a,
			v32-arrow-left : e04b,
			v32-arrow-down : e04c,
			v32-arrow-up : e04d,
			v32-arrow-right-2 : e04e,
			v32-arrow-left-2 : e04f,
			v32-arrow-up-2 : e050,
			v32-arrow-down-2 : e051,
			v32-arrow-down-left : e052,
			v32-arrow-down-right : e053,
			v32-arrow-up-left : e054,
			v32-arrow-up-right : e055,
			v32-arrow-left-3 : e056,
			v32-arrow-right-3 : e057,
			v32-arrow-down-3 : e058,
			v32-arrow-up-3 : e059,
			v32-move : e05a,
			v32-movie : e05b,
			v32-refresh : e05c,
			v32-picture : e05d,
			v32-music : e05e,
			v32-disk : e05f,
			v32-camera : e060,
			v32-film : e061,
			v32-tablet-2 : e062,
			v32-ipod : e063,
			v32-camera-2 : e064,
			v32-mouse : e065,
			v32-volume : e066,
			v32-monitor : e067,
			v32-thumbs-up : e068,
			v32-thumbs-down : e069,
			v32-neutral : e06a,
			v32-grin : e06b,
			v32-heart : e06c,
			v32-pacman : e06d,
			v32-star : e06e,
			v32-star-2 : e06f,
			v32-envelope : e070,
			v32-comment : e071,
			v32-comment-2 : e072,
			v32-user : e073,
			v32-download : e074,
			v32-upload : e075,
			v32-inbox : e076,
			v32-partial : e077,
			v32-unchecked : e078,
			v32-checked : e079,
			v32-circles : e07a,
			v32-pencil-2 : e07b,
			v32-flag : e07c,
			v32-link : e07d,
			v32-stop : e07e,
			v32-play : e07f,
			v32-pause : e080,
			v32-next : e081,
			v32-previous : e082,
			v32-drink : e083,
			v32-drink-2 : e084,
			v32-hamburger : e085,
			v32-mug : e086,
			v32-calendar : e087,
			v32-clock : e088,
			v32-calendar-2 : e089,
			v32-compass : e08a
		