
			v18-ec21fe3492bb04d9e29103c319556ed8 : f4bc,
			v18-a17986e457f3d85f26c9c240dfd6a4ba : f4bd,
			v18-d02a803276d9e1f42b7393964aa22ce9 : f4be,
			v18-862129f833b09f3d34ae39acf8484a7b : f4bf,
			v18-b392c847bf41826598f12c02be842253 : f4c0,
			v18-ee382df412dfdf65191b52ae33160abc : f4c1,
			v18-3fba70399d61e886bce68721edbc71af : f4c2,
			v18-689ef8cee6655c255ffdddf5e3188165 : f4c3,
			v18-11d74f891bce30f1bdf73d3259d59ed5 : f4c4,
			v18-e5fdc4247f1f9b3bf98d20a954e1327c : f4c5,
			v18-a6c0e3fce2fbe9ccf9b1c54c8f399106 : f4c6,
			v18-05ef9b5e8742971aa85b23cfcbe71594 : f4c7,
			v18-eea613bc40c77b7eab137b29dba0c62f : f4c8,
			v18-40c6538b0fd40540bf78373f8a1fb7af : f4c9,
			v18-e2df3c577fceec26906169fbee71721e : f4ca,
			v18-41c01fe7bfa79a93a2a2971a7f347fc0 : f4cb,
			v18-c55fdf978f617992b43ee7cbaa6ef87e : f4cc,
			v18-2b6bf06e87a223ccd1ddc1874932ca86 : f4cd,
			v18-5eb43711f62fb4dcbef10d0224c28065 : f4ce,
			v18-1b58555745e7378f7634ee7c63eada46 : f4cf,
			v18-ce50292e85eb5d6ee3be61b32bf2bdf3 : f4d0,
			v18-5e1ef647438e2204c15197c6efc4151e : f4d1,
			v18-06301c50d89b5d3e651bd07ebd6d7de7 : f4d2,
			v18-44eb9d69bf3b9b74629ce6852a2f9681 : f4d3,
			v18-63e91725cfc5751fe4d772325fd50830 : f4d4,
			v18-a3d734a5b4bec33fc3aa459d82092b23 : f4d5,
			v18-3e02a8849305ac80a0e36302f461f265 : f4d6,
			v18-8f25d96c5665c84e4403538eef14ec2c : f4d7,
			v18-15ba51cbb4d05e6fb88f03a31a7c711c : f4d8,
			v18-018571e697f22ca41803de480e10ed10 : f4d9,
			v18-1fb8776fe6f1d3bbf970996fdfcf0f94 : f4da,
			v18-9746a4ace95e1797c94cd2fe05c22485 : f4db,
			v18-7997220c4eb58edae98e04de570089c2 : f4dc,
			v18-b10e25220faa78c808527a4ba8b5c0f9 : f4dd,
			v18-e67bcab050d99eb04d44027139ae05f5 : f4de,
			v18-8167f6441d2557a90d717a7fc3248760 : f4df,
			v18-518ed8d836b8f75393d6d239291fedb0 : f4e0,
			v18-348b04ea17f646fbc6a46e20ebe4fe12 : f4e1,
			v18-4f3b31017c63ba04dc4f78ce7a8f02b1 : f4e2,
			v18-74ba7c7ac7610225ab8655f50ad179b6 : f4e3,
			v18-cb0d73e6d41217d85fc81cea45dd6e91 : f4e4,
			v18-00e1f929aa3c591e05de52eb94eda625 : f4e5,
			v18-0299bec28699eedda42f46c77239393e : f4e6,
			v18-d4824d88566b0ac66d2cdcff3408690b : f4e7,
			v18-60e11e35624b5012017eb10d2d7bd060 : f4e8,
			v18-26abd5de5952c46cf3a31f70330241a0 : f4e9,
			v18-51fb22f9ff9d7f60c95ef31e4c59502d : f4ea,
			v18-a8ed7903f8f548da5a8084e1773f0bbb : f4eb,
			v18-ebb8fb741e0b3e794c90555e5f225adf : f4ec,
			v18-189edfc41118cccbeb25788fcbb403da : f4ed,
			v18-55389e7d75fe0458efcb909f78e7ad3f : f4ee,
			v18-291e2e127efe7a6bc580af6d3ead3771 : f4ef,
			v18-a6267a0b7262e1deffcc83076bc0e197 : f4f0,
			v18-7141927f949e757c7e218cf70d9dceb4 : f4f1,
			v18-18be7ed7a4baf5713f2de51bf83b12f2 : f4f2,
			v18-c619e17229d6c874dfc70be359b6b3f1 : f4f3,
			v18-8e6b311d40f1002fd6de7d1bdfdc7f17 : f4f4,
			v18-4c4bb0011585456def6562bf27186b63 : f4f5,
			v18-8f28e6daf83e5c4f1fec8d170a7e21e7 : f4f6,
			v18-7336247ba3db350dec8d6c0a47cef966 : f4f7,
			v18-4615d277156195624f442e69958ea863 : f4f8,
			v18-5adef5b3275fcd874b0815a0637c5800 : f4f9,
			v18-a6b6f85116fc55e4a7c83d66973035a7 : f4fa,
			v18-858e967d1c67608546add6beebade5b3 : f4fb,
			v18-5dc427ad9f0644447ca5292911c378f1 : f4fc,
			v18-981c9f3d44fd4fd6b37c0b5a981334ce : f4fd,
			v18-53c977df16b09e3f7700a27ec90c43dc : f4fe,
			v18-35ce53990ec0892d7dcea2d0159f8dca : f4ff,
			v18-baaebda77cf391a9d9ecdec4db11dcb7 : f500,
			v18-3a9c5809bfc7b653c3b165b979f5d93e : f501,
			v18-d9be617b7f2fe7843118ca2d3a1b8cca : f502,
			v18-b714be5a812a474811604f700dfc87ce : f503,
			v18-37910a1398001a5ccb541cb2a253a2c7 : f504,
			v18-440e148d0e21100118eae7036bcd2067 : f505,
			v18-3838a5aba604532d2dbae5904615ea39 : f506,
			v18-c21d309f797d3644dc8d28c4617738ce : f507,
			v18-1d35198f5190ec004dd4ec742fbe19ca : f508,
			v18-040e72500c863813088c9f9c9415f8e9 : f509,
			v18-bd6176c7f1bd64eec8904241316f2f52 : f50a,
			v18-413160f2a26366d3c1d544bf1221a6ca : f50b,
			v18-e26b9d4bdcd0b60ed2cafa8f41ffc6d2 : f50c,
			v18-985defa766987e1e038c807527100b15 : f50d,
			v18-335c443d3231b944287309aa2593c880 : f50e,
			v18-fd2ed680ef900acb68836a99ec1a4de7 : f50f,
			v18-54c3330bdeed0fb9042e12d16d46c9ab : f510,
			v18-d21293ba68a7dcfec696464ae64949e1 : f511,
			v18-c74dc50bfc8aa68f0d23010ad8960cb2 : f512,
			v18-9c3b8d8a6d477da4d3e65b92e4e9c290 : f513,
			v18-3711151b8b34536498e2a7f4d5188ed2 : f514,
			v18-164f35b55c3346b03fa89a711a4f3980 : f515,
			v18-0a38a63796b90318b5fca493c3d4a17a : f516,
			v18-dcda6b27f1f63fbd7b8bf8d45cc4d340 : f517,
			v18-75b228ebc26946ca00360ca10f052e3c : f518,
			v18-59a3c018a7c1888658e4d93df8f7558f : f519,
			v18-ee0b543733d75a60ff5647070dc1d4f8 : f51a,
			v18-288c5a1dd34328f851587538998e4b3e : f51b,
			v18-700cae9dc028202c4549471b56f516dd : f51c,
			v18-9693479d330d4e539cebdb8a7ce398f4 : f51d,
			v18-31b90585534c8b455469d84a95f1959b : f51e,
			v18-14c9e8bd3e747ecb08cae42f5564a671 : f51f,
			v18-a1bd477f92e956144558e6b6c671ed6e : f520,
			v18-dcbef4ff6ce6ffc7599d23e0c2b029af : f521,
			v18-117d7f4e196f826847929c6550734615 : f522,
			v18-77bf693b887ab9243826db6e682ea973 : f523,
			v18-77928c849ac2ae6e77d4eae9f2927c00 : f524,
			v18-f08fd9b6b61b3670cf88ed64da891cae : f525,
			v18-d3fa106db96ff869d1ad75506ba5ff50 : f526,
			v18-cf0523ff3f333523eb6e9f6642dd0ddc : f527,
			v18-c5fd68d8253e605e7a78a0c75255b692 : f528,
			v18-b74284571c2d4d0d251bd28dace4a1ba : f529,
			v18-ae734e5d304b9680558ab6b4449d55ee : f52a,
			v18-cdb000f745167bbada14e2c1d8404d98 : f52b,
			v18-b50bdfb03ec13c11ff72329eb70b3e2e : f52c,
			v18-55035f2a3ae604a7c45a9e2e626aaef5 : f52d,
			v18-3b6f20ef4c4940aeaed84d973b2f6e64 : f52e,
			v18-14e9aa28bf2a3531274f85194e733b71 : f52f,
			v18-cc6a79edb1e82ee90129147ba089c323 : f530,
			v18-c46c42ae95f46394bd2f9c9a9cc5f768 : f531,
			v18-f6650ca3f02625f4e1fcc9d4bd9b7b93 : f532,
			v18-8dd9284cd4fa233d3972e48b417b3ca2 : f533,
			v18-6a96c51e961a2e48dfcbe2c47fd1204e : f534,
			v18-33afa0f624ce5dae73f62a3f21a67f83 : f535,
			v18-134af7f39e491515cc1a6d1eb94d9d8a : f536,
			v18-874694a9126e8193bca844356d1b6328 : f537,
			v18-da72ab64b02d997ff0521339f2997233 : f538,
			v18-10b2be8b48bebc1974d6f94bac9de71d : f539,
			v18-23c2239369a69f752e790de95123b9e9 : f53a,
			v18-500cde26773d15aaac1bfaa2a33cc5a9 : f53b,
			v18-ee8014a23bf900eae0103c7699718bc7 : f53c,
			v18-dd432b7aa4b7c276a475015a93dec8a3 : f53d,
			v18-d0df4d152daa276ccf31ac968c1dd103 : f53e,
			v18-fccd3ea0efb711b849045bee686b1ceb : f53f,
			v18-9b0229b620364d8704940e408dde73fb : f540,
			v18-9ea28ba01d59a4410fa3db9c02cce157 : f541,
			v18-3261112d66c6462ea20893f42b6f799b : f542,
			v18-3c2cfcbad5062929d63a249f3858e38b : f543,
			v18-8669af50382b53c48b9b803692828dd0 : f544,
			v18-ec3648a34c41b70671dc38dbb72deb04 : f545,
			v18-ccf7ed45e7f05a89376f38abaa9d7d13 : f546,
			v18-53d4dc777eeba379412efba3ee1cac9e : f547,
			v18-96aafeab29734d1510805687f7695f8f : f548,
			v18-c896fd4e287aebcf79803e0ece001ec1 : f549,
			v18-fef29532e2318a0c604f34947024b990 : f54a,
			v18-f09340446e327a78969ea1bfac29c1a6 : f54b,
			v18-d0c177a8e1688175c3445cc6b25bcc90 : f54c,
			v18-2653481d01fec1b76247dbeffb74033e : f54d,
			v18-c5fa38a7b77f4efad5d8691b05035c7b : f54e,
			v18-603ebbc4040323ef53ba1dc37de67717 : f54f,
			v18-0a16125788558bcc5d70ae3f10effce5 : f550,
			v18-c7715df42d0413b3cae83d4bc3943a3e : f551,
			v18-a12362e50cbf1078c509d85bc3e4431f : f552,
			v18-ca4775510f9b79d63d9ad7d258f31af9 : f553,
			v18-c37cda0d4ee654abafc9a896da259977 : f554
		