
			v14-b1c81b3df9f4a9b8c393f405bb5293d8 : f267,
			v14-5rarhtgcreeh8evuaqd8zoekgehkt3mm : f268,
			v14-1be0ad37c941fcc88233d38c2e460cf5 : f269,
			v14-t6cy82vd3t5piy0j3uknrlrzpg1ld8y3 : f26a,
			v14-wg849ixsobykxshs6efpc6fk4m0fq8bh : f26b,
			v14-3b00728aa97ad1a2581d414bd9d650bc : f26c,
			v14-hi76m8qggwn5lbl286oeqp64q0n8kusy : f26d,
			v14-bcdc294bb787b15203b82f2be8096548 : f26e,
			v14-vyuzsm6wijlfwtjo4ifkoblfmsepk6g8 : f26f,
			v14-8ed4884bf9b840729eef8f0bbd2b1dbb : f270,
			v14-bczb7qup4axmc490xmuuv8qdhcnbgeyf : f271,
			v14-a1d4b614f12cfe2b5aa66313ad88c90c : f272,
			v14-x8m4z7b33cv1h2s784tjlam56uq40wtd : f273,
			v14-b9cd6e266f74ac97272b2fabbfbd0b85 : f274,
			v14-076f940ac56adee91dd43d6fd77dd0cf : f275,
			v14-344c1c070cd0018ced51d3f051c6f4dd : f276,
			v14-d139ce97a43aedd333fa40f776328c3c : f277,
			v14-342dd4f00ec75318e1484d360cc21871 : f278,
			v14-3d8b20949cd6f782067f9e652967f8a8 : f279,
			v14-fa92c2529910e6958311b673ebf307e2 : f27a,
			v14-96819a35f3d743b4df0ea2e92803eeb5 : f27b,
			v14-6a7ed3214c9049148cbdb01825e5efc2 : f27c,
			v14-05de65980bb8a3711da037c2cc25f4f8 : f27d,
			v14-aklhk54yg779pgovdsjr9r9w22hej00n : f27e,
			v14-a0af0ba081a37bac0783788042ea1774 : f27f,
			v14-9x8p16w516pn1b19chr85japkedporm7 : f280,
			v14-08db5357646aae59e018ba87f2d466cd : f281,
			v14-e903698d494785d5e9328f0645da81bb : f282,
			v14-43855c51ebf847e8d581b794e4126dfe : f283,
			v14-lu2wqmd7v9zp21knhy4eifo41wjp4cnx : f284,
			v14-40c9502d45c736a0a6ec45e6fbc28656 : f285,
			v14-43fl9m553j1z5937vfjz0lgolrlspxwl : f286,
			v14-24aba8757d4a7b49568c98a577a85df3 : f287,
			v14-1dq4tek4k8ea7zlj4kc3w83itnutaxg5 : f288,
			v14-3df1557e2d6e84ec32bd47aee5bfdf59 : f289,
			v14-l11ixzfrief0chds7elurdm2ot98xp4l : f28a,
			v14-517522647a556192fbc78aa391b7b0c2 : f28b,
			v14-3327862df439988139b61814143b7a42 : f28c,
			v14-0677f879e75956571d8cbbb478487c47 : f28d,
			v14-1gf923f9wvaezxmfon515dglxa3drf0e : f28e,
			v14-7b67ab93e2dd09f8884b574925ab9352 : f28f,
			v14-qab5uvjyoc3uu4d2pvt8soshtgkuvpak : f290,
			v14-c7b7ea4719f6592a6b36f8d041226e37 : f291,
			v14-863fa3cea75a505bbc420a1db8b6b89b : f292,
			v14-f8d0a7a987fa0384bfd7e08000ec1476 : f293,
			v14-yb3vdwfxck5hmudxna4fq8fcwo9xari9 : f294,
			v14-6364d85e960f23b9a843a506387e7970 : f295,
			v14-85fda3129wk4amvn25wrq843sbj3yzl0 : f296,
			v14-a42f298da5c64e646a5d532724cd6e15 : f297,
			v14-w3nzesrlbezu6f30q7ytyq919p6gdlb6 : f298,
			v14-3562ca2f2f16f6629b5ffabfe3cfa5a7 : f299,
			v14-45g23adv6rwe7nokwek4d471h8y09ayz : f29a,
			v14-6310fc4804f3ffaebc4436ee30f3856e : f29b,
			v14-0f81c70dd389bf78f46387b794f2573f : f29c,
			v14-3e1bb74572a30486bd647304d9fcaff6 : f29d,
			v14-4x5p6fnblkhqsj4ibuc724faotghuiaq : f29e,
			v14-75cff40f03567673e13b0e7d005b7741 : f29f,
			v14-a33vyvfsje6eklq8loqtzb1jcgo37onm : f2a0,
			v14-6373242453e92e8ce419b8391463867a : f2a1,
			v14-p57wgnf4glngbchbucdi029iptu8oxb8 : f2a2,
			v14-366c3c56b79031deacc953d7f92085e5 : f2a3,
			v14-k7sao112253txym1egnte7822irbyphe : f2a4,
			v14-z2kx6nr3u9112p0e1pfhxdhva9v7kd4k : f2a5,
			v14-e417e4ca7774bb0f4aca5278ae3bfe49 : f2a6,
			v14-gr2i0fsmy50yfjhz6defsqkexnmctv8z : f2a7,
			v14-d91495faa39f7bc987caa15275d96ae8 : f2a8,
			v14-4i0s2bklai5fywieqm4dqqngfz9ptfab : f2a9,
			v14-tau7t0t38662eqxrb80ozeiase5em2x9 : f2aa,
			v14-ani12ucvy2plqmykysnk4zd9i24cmxqp : f2ab,
			v14-86157b2f942e37940f8702a4a3221a2b : f2ac,
			v14-7yekfd0qlkgp6emwfbo10sjdmf8pewli : f2ad,
			v14-9367acef93427f6301ee8ab42d45def7 : f2ae,
			v14-f156d14a32cd7d5bc5a5f70382ab04ec : f2af,
			v14-e9bce795d01ef5a058c63cab0a03dc66 : f2b0,
			v14-4e77fc7fc71e69ba520ffa3b4d898e55 : f2b1,
			v14-c60f50a1729165e3752fa27a16325208 : f2b2,
			v14-28r0xthd180mg0wnfh8ek3mtn761hs11 : f2b3,
			v14-ca92083691d138f832d6a9874d7636dc : f2b4,
			v14-7p5gflyid3o4gtesy94a6erq94e4pz7u : f2b5,
			v14-9e02faeda1ede96a076b72260f44e4b5 : f2b6,
			v14-8b202d3dd1fd0541ed0d47d1279ec8f3 : f2b7,
			v14-44a6b866f720a1d2b11bf05023a4e089 : f2b8,
			v14-wh8nbtrxjl2f67dpybsww6mri0xcaklm : f2b9,
			v14-1e77a2yvsq3owssduo2lcgsiven57iv5 : f2ba,
			v14-8e50efd23ddcb26f05878476c2c1ce8f : f2bb,
			v14-d78522fbabf6251440fe30463756192c : f2bc,
			v14-jqzwo6i8oicjbn049sh2856d8anrqoli : f2bd,
			v14-9d4f81f2d81e14141b68706668498441 : f2be,
			v14-b90868gfogj970a1g0dnot6hm5r4uj55 : f2bf,
			v14-2hqh2lidoqvaujgq29tdkrtiay5s6tyk : f2c0,
			v14-ccf71c505b173c61a2e4e8c8cb907dfa : f2c1,
			v14-c155bb86da2f8da808394d58220b5146 : f2c2,
			v14-2a58da2238c31ffa3ff4dac966c2dc99 : f2c3,
			v14-rp4bhvranczqlvvwzerni2uuanp2gvqb : f2c4,
			v14-8f28d948aa6379b1a69d2a090e7531d4 : f2c5,
			v14-dd4b00255957a608953c409346e7d7fb : f2c6,
			v14-ba9ae3250633c7b1fe249587358c8383 : f2c7,
			v14-933f454f9d3342a055217fd695475d44 : f2c8,
			v14-gruasbs60jlu9us53csv9q7nnwy4d990 : f2c9,
			v14-13289e807e02b1d46f2fe10d81d6fba6 : f2ca,
			v14-gjt8ba5q0n3nn8ptw6324sflr8qoaeam : f2cb,
			v14-87d337fee4866c2c28f6082994ce0f41 : f2cc,
			v14-0d5c609b66c40a8482943f18235da869 : f2cd,
			v14-cka09asalx8otiykquyp5d9tymlan1o3 : f2ce,
			v14-547c96163e3724fa7384f6ddce0c10e7 : f2cf,
			v14-csuoy0rqoun3unhsgjoy2uumpldzbfmt : f2d0,
			v14-85ef733b1e280809e8443f5f0167b5c2 : f2d1,
			v14-6a06892e76b81e023da6ddfb38a26b37 : f2d2,
			v14-bd517dbd6ccbc464f6d80efca97abb7d : f2d3,
			v14-72686f3e46dda4b891938886eca27c59 : f2d4,
			v14-56da5324fc5a04f131ab65668c36b931 : f2d5,
			v14-83e7b366e9b39bc4006b821f7c5efa4d : f2d6,
			v14-e536c80e011366046360f5ffe669dbfd : f2d7,
			v14-aa0d87f43ed577ed479df28dc3724c11 : f2d8,
			v14-f7f29824b6c2d0a9645adc48297f41f4 : f2d9,
			v14-a3264f2df401aaeeee9d9eb800e455eb : f2da,
			v14-aa7d4f131e866180ed30e6fbb504328c : f2db,
			v14-3o0pu4qbmgvcv8zqb5o3qh8vttzvhpy7 : f2dc,
			v14-eae068bed86aca956cdd10edcaaf24ee : f2dd,
			v14-24eiet6l58t0myywueih34b0e5a30bw1 : f2de,
			v14-a151e07df1262b33b210de5d956e4cc8 : f2df,
			v14-jh3jpcb1t1bcm80gidkadilh080aq79h : f2e0,
			v14-3a89ddb1c81111c15d6c4e26cc3c546a : f2e1,
			v14-dpxunrtmigvk6jm0ieo7axfsgzx4awll : f2e2,
			v14-9e717a7080503cfe84c7c7bd336ffe5f : f2e3,
			v14-i7r8vgyqewsy2rlx0xhawybpw5uyss3z : f2e4,
			v14-e0d15ef5945000f5f264acc35494002f : f2e5,
			v14-3d211fe82ca138fce185f8869d38df26 : f2e6,
			v14-4c2a3128819fef9548d6f0d38a5e291a : f2e7,
			v14-b7bd78e163801889af145e513d6c5383 : f2e8,
			v14-b1a40ej6b1xgsxjeh1b1urm8ptglt0hk : f2e9,
			v14-0a9d5a8bfa0ccfd44a38328b8ca276c2 : f2ea,
			v14-43m0a70tvxqc6q7jxgzhz5lmlt3ce2iy : f2eb,
			v14-3bf8e868324f7efb93c7bde31be9cc5e : f2ec,
			v14-okc52fdxu9uz2wnl0awdtv5373is429s : f2ed,
			v14-e5297b06d9300be7e7c347f78a9b8b61 : f2ee,
			v14-eh1m4shhgsndy7pmdzx3ynrakadhozgr : f2ef,
			v14-e5e2804a6d7681eb37e80a1fc380fe49 : f2f0,
			v14-cb8b402e2efdc57d6d37ad7d3da819fe : f2f1,
			v14-12d16dda691bda304e3b57d7bc0de5a9 : f2f2,
			v14-d8e8d6ef89a7e3992ade2b9e01b6b780 : f2f3,
			v14-j6xzwioffey3gxe90yx3ie56j5dlt902 : f2f4,
			v14-debaf3311987af708b9c1646fc192c15 : f2f5,
			v14-cdfalpadi7huwv9ah4fef2gpfpb4c6qm : f2f6,
			v14-1e4cf19f2a9f546c5f13f09af7c40ba9 : f2f7,
			v14-8d2bc2d959a55e76466bbef6e84c8373 : f2f8,
			v14-2b9bcf0829f99d9bdaa653b0a8cf41f5 : f2f9,
			v14-fhkechw94uv9ydw6tukba3ka2hhoif4n : f2fa,
			v14-ca1c07c0df52dbf2af6813c9e36c2611 : f2fb,
			v14-16bd6f8fd1c32a89b16d61e09a968c24 : f2fc,
			v14-dfhp68fdlvh9dknvxk4tkf8yy0h7vw3r : f2fd,
			v14-abbfffb71ee797c071d628c374714083 : f2fe,
			v14-1nkxlfe3u6kwarxqy3g4z3c9lrsgdu5h : f2ff,
			v14-493hui9b6xiqaf04slclmqnwpap3oxjj : f300,
			v14-d4ebe676479ff9cb41c7797f003aa54d : f301,
			v14-wlri7uftq4zbi82q2xuf08ayd8kpijlk : f302,
			v14-813cb2527308990d4870591d9d76f8cd : f303,
			v14-6zhrgcf3co77hnljttd3b2mrc8z5fiq5 : f304,
			v14-xq9z5jujkqhrf97s70hjek6otohmhr1y : f305,
			v14-qqsxko9kqxh5g53lz33yonkpc2rpkvkn : f306,
			v14-4oaz56fmzfvx7vry2o540n9l4z79fz8t : f307,
			v14-mj2pxhfj0eumtbzirpdokhtzk00480uo : f308,
			v14-1d9b2bb0d0621cd616139c6a441ed442 : f309,
			v14-ec3be32c1330a17ef251b378ebd7d3ac : f30a,
			v14-86bc84e014767f8f1377723c47d1b153 : f30b,
			v14-abf264d54e3f10187167ebc0e833d12e : f30c,
			v14-c16a63e911bc47b46dc2a7129d2f0c46 : f30d,
			v14-58b78b6ca784d5c3db5beefcd9e18061 : f30e,
			v14-877a233d7fdca8a1d82615b96ed0d7a2 : f30f,
			v14-62bc6fe2a82e4864e2b94d4c0985ee0c : f310,
			v14-1fb50a37bc38da3863187931ac44ae5e : f311,
			v14-5qynhqqaenby227l5kogqj8sdk5s4e7h : f312,
			v14-d12574a0151c84ddf56f4fd7b4aff678 : f313,
			v14-mqlxga8x57rhlfv44zsvmz1reex8lbqg : f314,
			v14-6b69b1a2df6d099ba15f11476075438e : f315,
			v14-em9mdmyhjwd003ndercv4r08h0ai31tl : f316,
			v14-7c0965b50bb5e83150abcbd752b7c29e : f317,
			v14-jskdfgyhjwd003ndercv4r08h0ai3dfg : f318,
			v14-36m3wq83tio3uymjbu44su7ior03u9cc : f319,
			v14-8d2b91edcad12992a96fc5eac674700d : f31a,
			v14-3e290a111c0f3ee3acbf7b5f17ccc04a : f31b,
			v14-4a770f766e0c1f06ce850db219684355 : f31c,
			v14-0785c02e57804318c8fe070338f89cd9 : f31d,
			v14-633072ff889a2ac52b162880e104550e : f31e,
			v14-e44ef09cb81413287d702eefa65dd790 : f31f,
			v14-f7b9bc563b87218a2ed804cc71a6eb9c : f320,
			v14-94656a720f169a0fc78c5a942e0c7112 : f321,
			v14-f54874f26664ff241013d7b74b930b3f : f322,
			v14-c80828ee2c3fc55b3e58a2b5e6ebba91 : f323,
			v14-1e29f134dfa565422897dacc67dee3e8 : f324,
			v14-6c985c88b4c460d6c5a3e34d53361286 : f325,
			v14-b345edfec8ce1b62e75f889fbd02bd0e : f326,
			v14-ef7107c004ac05657c5f41177e0bf4f3 : f327,
			v14-24f39880f1bd96bafcaf46db5881bc0e : f328,
			v14-ygvgohzaooew2l8favz2xu2xi59w1hoo : f329,
			v14-f378encthmyxe8mfi1ute1knv09ggkar : f32a,
			v14-jslb32twsd38zgx4v3sm5upu0t6wirtm : f32b,
			v14-g43j86b0hso37oir42285zjo3nhd7m08 : f32c,
			v14-7wc8mz5d93cbka5pscqjhsej173tqmbs : f32d,
			v14-bc1u8zgs4wteyj0u35n943k3jzx5olkm : f32e,
			v14-5c8a627c2e11bfc2854045872f6bd8f4 : f32f,
			v14-c3b851a7a3ee5407ff159e9c7f61945f : f330,
			v14-xzlln8s96kcutcubtwavdjt80tmhkbkq : f331,
			v14-c72248ca6a6ca8ee4c267f343e464003 : f332,
			v14-a19527dd18f0e45e597e8a2622604d14 : f333,
			v14-4d3a91e6b0db6e03acaa74a861e2ab95 : f334,
			v14-eea1af32a01c5e7a9ce5675bcff64a7b : f335,
			v14-c710cda53f5e1f8705865d453b7f323f : f336,
			v14-gz5flrq210wzbyafnerm4e0aublo7qwb : f337,
			v14-3fzybskyukolbvmshoyord1b254366gh : f338,
			v14-1e8ffb4f9e0d313a9f5ffa5788487712 : f339,
			v14-igynut9bozd2s1mxnmkeeut1qou984gc : f33a,
			v14-63ec74ce71635a8fc128c2eef73b96ae : f33b,
			v14-n1ld0w7zazkxq7bsqtksyez86sdufqgd : f33c,
			v14-ivmsk67zo1yb1tthd3ugi4xnb3get418 : f33d,
			v14-5840fe162df3bcc8e390c58ef4e2acf9 : f33e,
			v14-f9efb0f1944c550cf8d38cdf4aba07c4 : f33f,
			v14-971842913945f59c7f3cf11e75e1e4f1 : f340,
			v14-pgdm1vsngqxmheo5xkjpbm5o8k81pawd : f341,
			v14-7d6302991626c252d089d14dc760fc37 : f342,
			v14-9bd0a2540c17de10023e5e8ca3e64da5 : f343,
			v14-fd8d9ae4422e55d3ca23f55d9cf4b20a : f344,
			v14-e7a4824e79002c2d8ce3047b2da8b5a2 : f345,
			v14-ac10a3a3077eab1b9d66509eb25fb9b4 : f346,
			v14-6f200a5a449259c51cd0ccf56b4c1e93 : f347,
			v14-d26795657ef6fb008bee4d54c358f7c8 : f348,
			v14-3cac7625657b10cf706e7f332749c912 : f349,
			v14-364cc69fb3edb8fb21caa6a2c0489589 : f34a,
			v14-b356b6fbb59d7eca7c15fdb055f0401f : f34b,
			v14-db7651b88bb33a590710f551bfbbd371 : f34c,
			v14-3dae5d2af2b99240c3c118e872f762f2 : f34d,
			v14-4ecf5fd3870bb82ba003d7f34845448d : f34e,
			v14-a9359f32375e27bf884c4b3388885050 : f34f,
			v14-bb310a229d0d33a1cbe8aa151a7a8fcb : f350,
			v14-5381e124761bc5dbcf32ec5dd86f91d6 : f351,
			v14-287ee2cac4ded1712253c7b03ff4a5db : f352,
			v14-b7cf8dba5f349cb92b536d76db4a4178 : f353,
			v14-b387bb08e237859ba573fb32e2117310 : f354,
			v14-0c71ab36fb4e0923e3cf8d6beabe1851 : f355,
			v14-27531040afb54140f4d449321c9cec3a : f356,
			v14-610efad3150b6959e1b3fc863f39c60c : f357,
			v14-5c49851100aa021825b346d16d7f3abf : f358,
			v14-85046e7e5a2fe685961d1423fcda0649 : f359,
			v14-pdnk53e9ff0ck5q3b16vcm1hh1447j7e : f35a,
			v14-a55e4173e388989f16afd373b894a9f4 : f35b,
			v14-d5f287ad8e3a2db8f808bc09980ec3dc : f35c,
			v14-890649841b2c37d56ff90065872fecf3 : f35d,
			v14-5v7h140x5zz1acnzfzo36flbwar5tujm : f35e,
			v14-76dfadaf502e065ac7b2689948f49cb0 : f35f,
			v14-um6h7e9nfp79peah8uphjhismoa8owtu : f360,
			v14-17bddf8c9ea5dc5b8e1f33c936d08c1a : f361,
			v14-9f498adcae624d612adc3123d65abf04 : f362,
			v14-1a27e6346cdf0480c9c22351378bebbb : f363,
			v14-9637f035d143cc193e71c9704ebbb513 : f364,
			v14-8cc0aaefb9860f1ccef03f63f5873361 : f365,
			v14-upidp9k72x66utj5w89oyq65tp6r2tpe : f366,
			v14-da6c4728f6175a4b99b122274b8f921c : f367,
			v14-c1bea2b4c01d1d4bd1e4e1f79e51cdd2 : f368,
			v14-ccfaa7f5fe179987bd366051345ba985 : f369,
			v14-e45a44236f3f1ac013a1287bb60cd965 : f36a,
			v14-d7b214265bfe7138768bb8b9f62b759a : f36b,
			v14-1a7ed99931fee554309101d072e5363d : f36c,
			v14-819df9964d860125547757a693150aeb : f36d,
			v14-2npqajwqwxy3kbchcht7tyupllg270hb : f36e,
			v14-0fg01d4656jzluy9fz6ee4ohdd3nt2pe : f36f,
			v14-935dd4069330896913745bbdd9699b0e : f370,
			v14-8f73806c205d38d9412c340f93ed0c7a : f371,
			v14-c2e02247804b8372740de0b76311f1ad : f372,
			v14-40b8b7bf3ab4931765b7d32fb625b4cd : f373,
			v14-eb707fc827e812cdcfdf25b13622fb7b : f374,
			v14-8f47f269b2667fb9b661e950a9599e26 : f375,
			v14-xoidjr6q3rzi7tpw6hci1k6srz15g11l : f376,
			v14-2b8ea04aa0e500ae056f9c7934af18e6 : f377,
			v14-2de0dab5fbbc467b51692895fcce11e2 : f378,
			v14-d054fe11fb18e0ac8035d0d9ad556e3b : f379,
			v14-2039c86dq3jtfwqmgow2quvuzq3k34bu : f37a,
			v14-ffa340a4e2c3aa6ea354787b999bced7 : f37b,
			v14-d2d6ab0dd4fb9365b1d5756380484bbb : f37c,
			v14-8bf56386082752a2acc88a1ddf6851a8 : f37d,
			v14-aa5bd6860d8921412a6e25946991410b : f37e,
			v14-36cd8afd434ce27844b51a9a783037e6 : f37f,
			v14-6f8cc29884d86ad170e2a6e7544fdced : f380,
			v14-ef8560a06ed46a192092bf1f08c142a6 : f381,
			v14-67f793f91864e379458a92ccc61d9ccf : f382,
			v14-03df30a09d260eb427edcd7a65c1a84c : f383,
			v14-2d220a22480861b15878d1632e31ab47 : f384,
			v14-11970c0d1bb67f9525844b424f0f8736 : f385,
			v14-758801555b61307e51e333e9d62d53ba : f386,
			v14-33cea6d7bd699348c0d593e105361a51 : f387,
			v14-77b3693facc3d803417105997b4ffe96 : f388,
			v14-5a010022e299fec5a6f33a6157e8ea25 : f389,
			v14-5006b0f71f1a3cd3c73c04f7664cc20f : f38a,
			v14-4a98de1ada96673f8b43a600fd50d569 : f38b,
			v14-b94db9f012742fbdde9cb59413e14e9b : f38c,
			v14-ae8492c61cce60c36ed9667680017e7d : f38d,
			v14-afe98849cb4fe253a2b30b9716f67526 : f38e,
			v14-b2178b8fca35bac9e4bfcea4a4c05a92 : f38f,
			v14-25a30265650b260ef03df4cbbff80272 : f390,
			v14-0a3e0e5caddaa9cb266e42b6495975e2 : f391,
			v14-178c8af85364e12fe70b959c7c055bc6 : f392,
			v14-2cfac2c1a9eb4552af0eba34def4b010 : f393,
			v14-f5b8e78b48e3028969a964e002daf745 : f394,
			v14-3e9a99df4e0ede4d8d029d6e71d597ba : f395,
			v14-4a0984f0fb3fd89dd5bdd923f2ff8e45 : f396,
			v14-b523a5bcf8d08725038873d89bb003fd : f397,
			v14-4568bba1dba45522fc539c733c9b35e5 : f398,
			v14-bfaa824e96fa07779bc7b130b1216ce9 : f399,
			v14-3315691c918224dc4893f2e368a4e0c8 : f39a
		