
			v110-video-marketing-3 : e000,
			v110-target-audience-3 : e001,
			v110-seo-tips-3 : e002,
			v110-seo-tag-3 : e003,
			v110-seo-performance-3 : e004,
			v110-pay-per-click-optimization-3 : e005,
			v110-page-speed-3 : e006,
			v110-page-quality-3 : e007,
			v110-mobile-marketing-3 : e008,
			v110-local-seo-3 : e009,
			v110-link-building-3 : e00a,
			v110-landing-page-3 : e00b,
			v110-keyword-research-3 : e00c,
			v110-google-place-optimization-3 : e00d,
			v110-code-optimization-3 : e00e,
			v110-article-marketing-3 : e00f,
			v110-analityc-3 : e010,
			v110-active-search-3 : e011,
			v110-website-optimization-3 : e012,
			v110-website-design-3 : e013,
			v110-video-marketing-2 : e014,
			v110-target-audience-2 : e015,
			v110-seo-tips-2 : e016,
			v110-seo-tag-2 : e017,
			v110-seo-performance-2 : e018,
			v110-pay-per-click-optimization-2 : e019,
			v110-page-speed-2 : e01a,
			v110-page-quality-2 : e01b,
			v110-mobile-marketing-2 : e01c,
			v110-local-seo-2 : e01d,
			v110-link-building-2 : e01e,
			v110-landing-page-2 : e01f,
			v110-keyword-research-2 : e020,
			v110-google-place-optimization-2 : e021,
			v110-code-optimization-2 : e022,
			v110-article-marketing-2 : e023,
			v110-analityc-2 : e024,
			v110-active-search-2 : e025,
			v110-website-optimization-2 : e026,
			v110-website-design-2 : e027,
			v110-video-marketing : e028,
			v110-target-audience : e029,
			v110-seo-tips : e02a,
			v110-seo-tag : e02b,
			v110-seo-performance : e02c,
			v110-pay-per-click-optimization : e02d,
			v110-page-speed : e02e,
			v110-page-quality : e02f,
			v110-mobile-marketing : e030,
			v110-local-seo : e031,
			v110-link-building : e032,
			v110-landing-page : e033,
			v110-keyword-research : e034,
			v110-google-place-optimization : e035,
			v110-code-optimization : e036,
			v110-article-marketing : e037,
			v110-analityc : e038,
			v110-active-search : e039,
			v110-website-optimization : e03a,
			v110-website-design : e03b
		