
			v20-446acc3b40ca5654627ffb8bc6b906e7 : f594,
			v20-86009860c8331a1d90ae269432d6e24f : f595,
			v20-1e2035b7cbaeb3d902cf9849e456069d : f596,
			v20-f5281239de27061e68f4367ba3efee15 : f597,
			v20-c71d7db10ede1349b3a8ae0293b1dbf8 : f598,
			v20-aaf371ab44841e9aaffebd179d324ce4 : f599,
			v20-ca8881bd09267577150cc4637dc65572 : f59a,
			v20-5556b88a0dc630940f326ab2ffbe7ccc : f59b,
			v20-e566d3f1d24f22981f6552d5188e7265 : f59c,
			v20-64c2f859fa518d38db7ec7532855ae34 : f59d,
			v20-846fae80e47217662041242ee1f15a83 : f59e,
			v20-fe4b70ed76eb9a48877632032b33c942 : f59f,
			v20-76a8a77019900916d16bad3eb4ee432c : f5a0,
			v20-d089814548af1441aa00ecec47851f38 : f5a1,
			v20-799d6108751f684ac9d018983251a08f : f5a2,
			v20-523e56b66e166a5bb7b823844bdf56e6 : f5a3,
			v20-288a62ca532f76053c4a834ba3746ea2 : f5a4,
			v20-ffecc77dcd9b9dff653ff88b508220d4 : f5a5,
			v20-d4d52a448819e8d5e849b8126416b640 : f5a6,
			v20-63208f7386b9384ba1291832de6ceee7 : f5a7,
			v20-eb2d71e114d99d85b2ae28ab70d981a6 : f5a8,
			v20-c9829449672245d22b3d43d7d1a7cc90 : f5a9,
			v20-0aeb6f0ea0d091185f5c775401708aa1 : f5aa,
			v20-2f6ed771cf99f6826343c31ed0b08026 : f5ab,
			v20-8625d6e45fba1219638069e21eedbce8 : f5ac,
			v20-e4b799ca3860a8276dba05b11d7e13db : f5ad,
			v20-b3a537446285bb3510bba57d20374818 : f5ae,
			v20-e2a0b3edf53a477f66d077cb907e2ab5 : f5af,
			v20-56a3e7f58bbb15252d06a4735e8299dc : f5b0,
			v20-1dbc2b4a7f00ef209a85e4b5d9fedec4 : f5b1,
			v20-2dd7e3046b63beb19616dce63c5782a6 : f5b2,
			v20-959c9a2360ed00ec9c0a75562d30edc4 : f5b3,
			v20-003ba8187d6b00ec3e1ba75d00f1246a : f5b4,
			v20-366510ecfb08cd0110134b1ea907fb81 : f5b5,
			v20-231eeeedfdda9dd5d03dc8d03060007d : f5b6,
			v20-6d6d0efe9717ec2962ef0a77c6210df9 : f5b7,
			v20-cf31b05e6409526bbea832ca960777ed : f5b8,
			v20-5cf33e5f0b89834df4fb10609aec90d6 : f5b9,
			v20-3a171c02a5096c63c7c0e2e84d5eeb5a : f5ba,
			v20-f35cf173c6dd32fa6a83208aeb26b527 : f5bb,
			v20-cc4e62d1721c863fdc6944d2fd87521d : f5bc,
			v20-3da502d7bf60ce54298aafe7b6dca55f : f5bd,
			v20-12db1f260b5b2ccd1aa4d8942cc7f6dd : f5be,
			v20-6cc1c059e221d7a0bf109870cc48f1a5 : f5bf,
			v20-9b345d273b96183674779e05d64274af : f5c0,
			v20-2a3192d0f8fe0c7cf959168e68eb16d8 : f5c1,
			v20-1884ff7f89cc02840606d28f9bcf930a : f5c2,
			v20-b1ec8e90c2c85cf0035849980a3789b3 : f5c3,
			v20-57a4f84c40a0c44d47387105f162a427 : f5c4,
			v20-e47352cd4c5e069288b29a2c9ab9d305 : f5c5,
			v20-01dcfef491cd3603565e4a68d1805332 : f5c6,
			v20-d2f0cf090ba9e1a4ecbf8275018a0d61 : f5c7,
			v20-aa86b5f7dd6d1087f35cbed951970cd1 : f5c8,
			v20-261a9fed5c3e5883ecc99e354d78a94b : f5c9,
			v20-a58032f4aafd0eec54803075f5b320d4 : f5ca,
			v20-94b684c4b484712a2506911b68446ad9 : f5cb,
			v20-916eba314d66dee45c9859d2fd146d36 : f5cc,
			v20-5287c0dd80c29636f3d45b8b52cd3021 : f5cd,
			v20-2f85c90013c0af641d18b167ec93d165 : f5ce,
			v20-785a9b232e86ae750516adc5228a5aa7 : f5cf,
			v20-6c304f746d790c6749f345ac384cbd7c : f5d0,
			v20-d0ce443b8d7376716584f5f660a6bf72 : f5d1,
			v20-eae6db03eb0c9f2673a126967bf4d4ed : f5d2,
			v20-6f7586c6f99798c3c1de6123d1f6cfa9 : f5d3,
			v20-9bba5df43e4e9419975336161e1810c3 : f5d4,
			v20-ff16079eb4be12c49bf3014d2322acdd : f5d5,
			v20-909f99f11c6b6551bf757b6e809f98f3 : f5d6,
			v20-d6096cb47cc4448ac68b6a2e2c52a81d : f5d7,
			v20-bc3411a07338a7ae2dc49b9720f792c5 : f5d8,
			v20-df750854b73c819540447f621729fb3a : f5d9,
			v20-f3d8d921ab15972d3a29da321c5c0558 : f5da,
			v20-b49fa3e57e92b38143e0fdcc5d9a904b : f5db,
			v20-c91522256a4c3972e9a2765b995b7252 : f5dc,
			v20-1cf32a32df11230cd182b593752304b4 : f5dd,
			v20-6a85bc0b09a4f21d2a3ced2bdffbc770 : f5de,
			v20-1e123339045e48ddd01031936b9fc2d9 : f5df,
			v20-90d3360c550556afb7e5d3ea58a34e43 : f5e0,
			v20-60750bcb027f99557abe2fab47f19f2e : f5e1,
			v20-0636c283a9822288a767609062bbf4a4 : f5e2,
			v20-5d8165146a6d5f2784982aa955f963ce : f5e3,
			v20-67a821c2e9dbc2e439142b4aa04a9c4e : f5e4,
			v20-d99bb6de425328eea70522711d17596d : f5e5,
			v20-d549e369e55576b49f999436b9f13f44 : f5e6,
			v20-0ec44644bdb6b89bbedb8929bb343a61 : f5e7,
			v20-3e10dfa19399b45e9dbb9134c849334f : f5e8,
			v20-7ac996dea1fe6954e68548f0d73cd2b1 : f5e9,
			v20-c1f0120c5cb9af80a2f56d7d7fb2f489 : f5ea,
			v20-6dd44b2efdc8c7bb99cbc75ed13b4c1e : f5eb,
			v20-bdaca8aa91638109e25d72f1dcbb58c1 : f5ec,
			v20-6275b63473065457219b9e12024f95f2 : f5ed,
			v20-f39ab571fe73e796e24bb8edc1f9d875 : f5ee,
			v20-40ff77423c882ef32d11b5aec4ab17cf : f5ef,
			v20-21a454e018faae9de83d19c65e7448d9 : f5f0,
			v20-fd1c420f4755e275d578d856d7b20c50 : f5f1,
			v20-9794e9b767f192e0d499dfc98d52e802 : f5f2,
			v20-58b5f27abdf85c2b2b8db2770d61162d : f5f3,
			v20-a7632b6db17256019e34ec72fb236be0 : f5f4,
			v20-5b1387fb48babf0748ea04107c9adac3 : f5f5,
			v20-15a2a7646f0f7c0f129bee0f790d12fc : f5f6,
			v20-1dabc07fb86333ee947c283f74ab5fc8 : f5f7,
			v20-e7d17d4d07756f4ab5eb690eea1275ca : f5f8,
			v20-054a8f79ee2dae6c1ba909cc0c6f0cf9 : f5f9,
			v20-2634442580bb3c5c7d87f30bed0227a8 : f5fa
		