
			v39-ftp : f029,
			v39-hdd : f02a,
			v39-home2 : f02b,
			v39-ram : f02c,
			v39-security : f02d,
			v39-security2 : f02e,
			v39-barchart : f02f,
			v39-uni0430 : f030,
			v39-webhostinghub : f031,
			v39-price : f032,
			v39-webpage : f033,
			v39-websitebuilder : f034,
			v39-shoppingcart : f035,
			v39-cms : f036,
			v39-sharedhosting : f037,
			v39-managedhosting : f038,
			v39-greenhosting : f039,
			v39-resellerhosting : f03a,
			v39-socialnetworking : f03b,
			v39-wizard : f03c,
			v39-video2 : f03d,
			v39-password : f03e,
			v39-password2 : f03f,
			v39-contact : f040,
			v39-theme : f041,
			v39-lang : f042,
			v39-shortcut : f043,
			v39-mailbox : f044,
			v39-webmail : f045,
			v39-boxtrapper : f046,
			v39-spam : f047,
			v39-spam2 : f048,
			v39-emailforward2 : f049,
			v39-error : f04a,
			v39-taskmanager : f04b,
			v39-awstats : f04c,
			v39-protecteddirectory : f04d,
			v39-ssh : f04e,
			v39-sslmanager : f04f,
			v39-hotlinkprotection : f050,
			v39-authentication : f051,
			v39-subdomain : f052,
			v39-domainaddon : f053,
			v39-redirect : f054,
			v39-parkeddomain : f055,
			v39-apache : f056,
			v39-mimetype : f057,
			v39-certificate : f058,
			v39-certificate2 : f059,
			v39-error2 : f05a,
			v39-wrench : f05b,
			v39-filter : f05c,
			v39-userfiltering : f05d,
			v39-accountfiltering : f05e,
			v39-backupwizard : f05f,
			v39-opencart : f060,
			v39-prestashop : f061,
			v39-smf : f062,
			v39-phpbb : f063,
			v39-dolphinsoftware : f064,
			v39-mybb : f065,
			v39-whmcs : f066,
			v39-ruby : f067,
			v39-html : f068,
			v39-html5 : f069,
			v39-css3 : f06a,
			v39-jquery : f06b,
			v39-jqueryui : f06c,
			v39-oxwall : f06d,
			v39-magento : f06e,
			v39-ajax : f06f,
			v39-flashplayer : f070,
			v39-python : f071,
			v39-cpanel : f072,
			v39-joomla : f073,
			v39-wordpress : f074,
			v39-drupal : f075,
			v39-mysql : f076,
			v39-codeigniter : f077,
			v39-refresh : f078,
			v39-cgicenter : f079,
			v39-mxentry : f07a,
			v39-ftpaccounts : f07b,
			v39-ftpsession : f07c,
			v39-analytics3 : f07d,
			v39-leechprotect : f07e,
			v39-dnszone : f07f,
			v39-commentout : f080,
			v39-github : f081,
			v39-ads : f082,
			v39-java : f083,
			v39-nodejs : f084,
			v39-grails : f085,
			v39-cgi : f086,
			v39-binary : f087,
			v39-push : f088,
			v39-pull : f089,
			v39-query : f08a,
			v39-ipcontrol : f08b,
			v39-form : f08c,
			v39-sc : f08d,
			v39-autorespond : f08e,
			v39-address : f08f,
			v39-mailinglists : f090,
			v39-emailtrace : f091,
			v39-importcontacts : f092,
			v39-key : f093,
			v39-filemanager : f094,
			v39-legacyfilemanager : f095,
			v39-diskspace : f096,
			v39-visitor : f097,
			v39-plugin2 : f098,
			v39-faq : f099,
			v39-software : f09a,
			v39-phppear : f09b,
			v39-php : f09c,
			v39-fourohfour : f09d,
			v39-indexmanager : f09e,
			v39-images : f09f,
			v39-plugin : f0a0,
			v39-calendar2 : f0a1,
			v39-briefcase : f0a2,
			v39-supportrequest : f0a3,
			v39-coppermine : f0a4,
			v39-dropmenu : f0a5,
			v39-network : f0a6,
			v39-bug : f0a7,
			v39-virus : f0a8,
			v39-syringe : f0a9,
			v39-pill : f0aa,
			v39-restricted : f0ab,
			v39-zikula : f0ac,
			v39-piwigo : f0ad,
			v39-fantastico : f0ae,
			v39-concrete5 : f0af,
			v39-cmsmadesimple : f0b0,
			v39-cplusplus : f0b1,
			v39-csharp : f0b2,
			v39-squarebrackets : f0b3,
			v39-braces : f0b4,
			v39-chevrons : f0b5,
			v39-perl : f0b6,
			v39-perl2 : f0b7,
			v39-algorhythm : f0b8,
			v39-cloud : f0b9,
			v39-cloudupload : f0ba,
			v39-clouddownload : f0bb,
			v39-cloudsync : f0bc,
			v39-sync : f0bd,
			v39-lock : f0be,
			v39-unlock : f0bf,
			v39-remotemysql : f0c0,
			v39-rawaccesslogs : f0c1,
			v39-document : f0c2,
			v39-spreadsheet : f0c3,
			v39-presentation : f0c4,
			v39-search : f0c5,
			v39-createfile : f0c6,
			v39-deletefile : f0c7,
			v39-save : f0c8,
			v39-copy : f0c9,
			v39-cut : f0ca,
			v39-paste : f0cb,
			v39-vinyl : f0cc,
			v39-cd : f0cd,
			v39-trash : f0ce,
			v39-trashempty : f0cf,
			v39-trashfull : f0d0,
			v39-circleadd : f0d1,
			v39-circledelete : f0d2,
			v39-circleselect : f0d3,
			v39-mouse : f0d4,
			v39-monitor : f0d5,
			v39-file : f0d6,
			v39-notes : f0d7,
			v39-laptop : f0d8,
			v39-explorerwindow : f0d9,
			v39-addfolder : f0da,
			v39-deletefolder : f0db,
			v39-cursor : f0dc,
			v39-handpointup : f0dd,
			v39-handdrag : f0de,
			v39-handtwofingers : f0df,
			v39-diskspace2 : f0e0,
			v39-sim : f0e1,
			v39-volumefull : f0e2,
			v39-volumehalf : f0e3,
			v39-volumemute : f0e4,
			v39-volumemute2 : f0e5,
			v39-iphone : f0e6,
			v39-nexus : f0e7,
			v39-mobile : f0e8,
			v39-router : f0e9,
			v39-plug : f0ea,
			v39-lock2 : f0eb,
			v39-treediagram : f0ec,
			v39-powerplug : f0ed,
			v39-lan : f0ee,
			v39-sharedfile : f0ef,
			v39-foldertree : f0f0,
			v39-tethering : f0f1,
			v39-edit2 : f0f2,
			v39-batterycharging : f0f3,
			v39-batterycharged : f0f4,
			v39-batteryempty : f0f5,
			v39-battery20 : f0f6,
			v39-battery40 : f0f7,
			v39-battery60 : f0f8,
			v39-battery80 : f0f9,
			v39-batteryfull : f0fa,
			v39-imac : f0fb,
			v39-firewire : f0fc,
			v39-powerjack : f0fd,
			v39-webcam : f0fe,
			v39-wifi : f0ff,
			v39-networksignal : f100,
			v39-batteryaltfull : f101,
			v39-batteryalt60 : f102,
			v39-batteryalt30 : f103,
			v39-batteryaltcharging : f104,
			v39-keyboard2 : f105,
			v39-sd : f106,
			v39-microsd : f107,
			v39-graphicscard : f108,
			v39-screenshot : f109,
			v39-brightness : f10a,
			v39-brightnessfull : f10b,
			v39-brightnesshalf : f10c,
			v39-usb : f10d,
			v39-usb2 : f10e,
			v39-usb3 : f10f,
			v39-grid : f110,
			v39-details : f111,
			v39-thumbnails : f112,
			v39-list : f113,
			v39-terminal : f114,
			v39-touchpad : f115,
			v39-zip : f116,
			v39-rar : f117,
			v39-tablet : f118,
			v39-keyboard : f119,
			v39-download : f11a,
			v39-upload : f11b,
			v39-sync2 : f11c,
			v39-power : f11d,
			v39-shutdown : f11e,
			v39-restart : f11f,
			v39-ubuntu : f120,
			v39-sim2 : f121,
			v39-loading : f122,
			v39-hourglass2 : f123,
			v39-sidebar : f124,
			v39-print : f125,
			v39-mouse2 : f126,
			v39-menu : f127,
			v39-install : f128,
			v39-webcam2 : f129,
			v39-android : f12a,
			v39-bluetooth : f12b,
			v39-comment : f12c,
			v39-comment2 : f12d,
			v39-post : f12e,
			v39-quote : f12f,
			v39-post2 : f130,
			v39-loved : f131,
			v39-love : f132,
			v39-user : f133,
			v39-friends : f134,
			v39-phonebook : f135,
			v39-email2 : f136,
			v39-businesscard2 : f137,
			v39-thumbup : f138,
			v39-thumbdown : f139,
			v39-favorite : f13a,
			v39-favorite2 : f13b,
			v39-happy : f13c,
			v39-sad : f13d,
			v39-blankstare : f13e,
			v39-laugh : f13f,
			v39-facebook : f140,
			v39-skype : f141,
			v39-youtube : f142,
			v39-bookmark : f143,
			v39-notificationdown : f144,
			v39-notificationup : f145,
			v39-flickr : f146,
			v39-share2 : f147,
			v39-phone2 : f148,
			v39-phone3 : f149,
			v39-instagram : f14a,
			v39-facebook2 : f14b,
			v39-dribbble : f14c,
			v39-forrst : f14d,
			v39-chrome : f14e,
			v39-phonebook2 : f14f,
			v39-gmail : f150,
			v39-yahoo : f151,
			v39-delicious : f152,
			v39-myspace : f153,
			v39-reddit : f154
		