
			v17-b69ac48f8ad98e786047ff3d33101045 : f48d,
			v17-87cf185e0420ff98e04406c0fbb873eb : f48e,
			v17-f1315f7ea135cbea7966cce0e7c10ce0 : f48f,
			v17-ab5c31256cdd1f6b2d6de7202936f5a1 : f490,
			v17-8f1bbb4667a8372dc4bb7de767f22f11 : f491,
			v17-b2b73369982f91cddf8ec5f2a692e5ea : f492,
			v17-906a8ebb0faf8db0411028a0364bb16d : f493,
			v17-a6a5b2ea227f86157ba54ae543785161 : f494,
			v17-053a1eaf96184e74876f45bd0f4970eb : f495,
			v17-39a24b1eb625a4a551585745107e8ef0 : f496,
			v17-5478f7c5cc0ad4897835f711eccea4dd : f497,
			v17-d05dd160c24e53afc4addd30b5655b74 : f498,
			v17-c1306ee779029bed4f5a2b9b4f5c79e8 : f499,
			v17-2adfda136b09532bd8174b025b67fe87 : f49a,
			v17-2c304ff49075ec9647f498504651abf5 : f49b,
			v17-c823149b79158a2bd56d802a6a6f1d1c : f49c,
			v17-7162ef3c04c51e39b8670cfedb15bcc3 : f49d,
			v17-4bc859f73783486400fc769a90d0a8e0 : f49e,
			v17-92234661a134ed625a779c534b242b3d : f49f,
			v17-8d8a2d9bcc41c7ac794e83ffbb919c3c : f4a0,
			v17-be6c21cbc48e60a39e80f8b2c33e360e : f4a1,
			v17-1c2a34e8bd2f8a53e3b059447a8e544f : f4a2,
			v17-95fb2e5fdd1ea7e4a420b6ed330e6b08 : f4a3,
			v17-34e68aa8fbf61f02a748043ccf448a3b : f4a4,
			v17-48ab39ab0ba664052cfbf0e52563246a : f4a5,
			v17-a555120b3743d482efcc3058733d3fd9 : f4a6,
			v17-2efb5347832a09ae69de043f897ec4b9 : f4a7,
			v17-d0c325468a74095e565664bec2623aa3 : f4a8,
			v17-9cd3e294ca3ad3dda66bc5a804021c46 : f4a9,
			v17-2440f961b415837c6bf30424a6711708 : f4aa,
			v17-957fd72e52a0e9eb585a0361114c4c83 : f4ab,
			v17-dbf0f9c3d15e5e8046bb5f5fb5898b49 : f4ac,
			v17-aba39b610b88a73d81f0fa683649b92d : f4ad,
			v17-2ca5a006e414e0827f7fc5b187689c04 : f4ae,
			v17-17463471d0f132cee16835507ea51ecf : f4af,
			v17-cc1179bd34dcbe7bf80785075af60d37 : f4b0,
			v17-9af2b75a89bd99b83457f041df26da8b : f4b1,
			v17-f59875f40cbc5ad1b04775cd96feabf1 : f4b2,
			v17-d577552bb94bdeb53e6517873481aeea : f4b3,
			v17-5fad7d41511701337ddd5ad9896edc4b : f4b4,
			v17-86351391d6cbc7a85730414294139661 : f4b5,
			v17-127ed05f3c024a9c73487f18cf3d530d : f4b6,
			v17-02bb2eaa1515b8fc954abbaf80212739 : f4b7,
			v17-0f6059e468716a93329821bcbf11220d : f4b8,
			v17-b500010a53f4807828ac252725dc6fd1 : f4b9,
			v17-b215adc51ca2aa37e7bbe244d1fa52cc : f4ba,
			v17-f4c428e42b86673278e98e6f2e0a8cd2 : f4bb
		