
			v6-untitled : e000,
			v6-untitled-2 : e001,
			v6-untitled-3 : e002,
			v6-untitled-4 : e003,
			v6-untitled-5 : e004,
			v6-untitled-6 : e005,
			v6-untitled-7 : e006,
			v6-untitled-8 : e007,
			v6-untitled-9 : e008,
			v6-untitled-10 : e009,
			v6-untitled-11 : e00a,
			v6-untitled-12 : e00b,
			v6-untitled-13 : e00c,
			v6-untitled-14 : e00d,
			v6-untitled-15 : e00e,
			v6-untitled-16 : e00f,
			v6-untitled-17 : e010,
			v6-untitled-18 : e011,
			v6-untitled-19 : e012,
			v6-untitled-20 : e013,
			v6-untitled-21 : e014,
			v6-untitled-22 : e015,
			v6-untitled-23 : e016,
			v6-untitled-24 : e017,
			v6-untitled-25 : e018,
			v6-untitled-26 : e019,
			v6-untitled-27 : e01a,
			v6-untitled-28 : e01b,
			v6-untitled-29 : e01c,
			v6-untitled-30 : e01d,
			v6-untitled-31 : e01e,
			v6-untitled-32 : e01f,
			v6-untitled-33 : e020,
			v6-untitled-34 : e021,
			v6-untitled-35 : e022,
			v6-untitled-36 : e023,
			v6-untitled-37 : e024,
			v6-untitled-38 : e025,
			v6-untitled-39 : e026,
			v6-untitled-40 : e027,
			v6-untitled-41 : e028,
			v6-untitled-42 : e029,
			v6-untitled-43 : e02a,
			v6-untitled-44 : e02b,
			v6-untitled-45 : e02c,
			v6-untitled-46 : e02d,
			v6-untitled-47 : e02e,
			v6-untitled-48 : e02f,
			v6-untitled-49 : e030,
			v6-untitled-50 : e031,
			v6-untitled-51 : e032,
			v6-untitled-52 : e033,
			v6-untitled-53 : e034,
			v6-untitled-54 : e035,
			v6-untitled-55 : e036,
			v6-untitled-56 : e037,
			v6-untitled-57 : e038,
			v6-untitled-58 : e039,
			v6-untitled-59 : e03a,
			v6-untitled-60 : e03b,
			v6-untitled-61 : e03c,
			v6-untitled-62 : e03d,
			v6-untitled-63 : e03e,
			v6-untitled-64 : e03f,
			v6-untitled-65 : e040,
			v6-untitled-66 : e041,
			v6-untitled-67 : e042,
			v6-untitled-68 : e043,
			v6-untitled-69 : e044,
			v6-untitled-70 : e045,
			v6-untitled-71 : e046,
			v6-untitled-72 : e047,
			v6-untitled-73 : e048,
			v6-untitled-74 : e049,
			v6-untitled-75 : e04a,
			v6-untitled-76 : e04b,
			v6-untitled-77 : e04c,
			v6-untitled-78 : e04d,
			v6-untitled-79 : e04e,
			v6-untitled-80 : e04f,
			v6-untitled-81 : e050,
			v6-untitled-82 : e051,
			v6-untitled-83 : e052,
			v6-untitled-84 : e053,
			v6-untitled-85 : e054,
			v6-untitled-86 : e055,
			v6-untitled-87 : e056,
			v6-untitled-88 : e057,
			v6-untitled-89 : e058,
			v6-untitled-90 : e059,
			v6-untitled-91 : e05a,
			v6-untitled-92 : e05b,
			v6-untitled-93 : e05c,
			v6-untitled-94 : e05d,
			v6-untitled-95 : e05e,
			v6-untitled-96 : e05f,
			v6-untitled-97 : e060,
			v6-untitled-98 : e061,
			v6-untitled-99 : e062,
			v6-untitled-100 : e063,
			v6-untitled-101 : e064,
			v6-untitled-102 : e065,
			v6-untitled-103 : e066,
			v6-untitled-104 : e067,
			v6-untitled-105 : e068,
			v6-untitled-106 : e069,
			v6-untitled-107 : e06a,
			v6-untitled-108 : e06b,
			v6-untitled-109 : e06c,
			v6-untitled-110 : e06d,
			v6-untitled-111 : e06e,
			v6-untitled-112 : e06f,
			v6-untitled-113 : e070,
			v6-untitled-114 : e071,
			v6-untitled-115 : e072,
			v6-untitled-116 : e073,
			v6-untitled-117 : e074,
			v6-untitled-118 : e075,
			v6-untitled-119 : e076,
			v6-untitled-120 : e077,
			v6-untitled-121 : e078,
			v6-untitled-122 : e079,
			v6-untitled-123 : e07a,
			v6-untitled-124 : e07b,
			v6-untitled-125 : e07c,
			v6-untitled-126 : e07d,
			v6-untitled-127 : e07e,
			v6-untitled-128 : e07f,
			v6-untitled-129 : e080,
			v6-untitled-130 : e081,
			v6-untitled-131 : e082,
			v6-untitled-132 : e083,
			v6-untitled-133 : e084,
			v6-untitled-134 : e085,
			v6-untitled-135 : e086,
			v6-untitled-136 : e087,
			v6-untitled-137 : e088,
			v6-untitled-138 : e089,
			v6-untitled-139 : e08a,
			v6-untitled-140 : e08b,
			v6-untitled-141 : e08c,
			v6-untitled-142 : e08d,
			v6-untitled-143 : e08e,
			v6-untitled-144 : e08f,
			v6-untitled-145 : e090,
			v6-untitled-146 : e091,
			v6-untitled-147 : e092,
			v6-untitled-148 : e093,
			v6-untitled-149 : e094,
			v6-untitled-150 : e095,
			v6-untitled-151 : e096,
			v6-untitled-152 : e097,
			v6-untitled-153 : e098,
			v6-untitled-154 : e099,
			v6-untitled-155 : e09a,
			v6-untitled-156 : e09b,
			v6-untitled-157 : e09c,
			v6-untitled-158 : e09d,
			v6-untitled-159 : e09e,
			v6-untitled-160 : e09f,
			v6-untitled-161 : e0a0,
			v6-untitled-162 : e0a1,
			v6-untitled-163 : e0a2,
			v6-untitled-164 : e0a3,
			v6-untitled-165 : e0a4,
			v6-untitled-166 : e0a5,
			v6-untitled-167 : e0a6,
			v6-untitled-168 : e0a7,
			v6-untitled-169 : e0a8,
			v6-untitled-170 : e0a9,
			v6-untitled-171 : e0aa,
			v6-untitled-172 : e0ab,
			v6-untitled-173 : e0ac,
			v6-untitled-174 : e0ad,
			v6-untitled-175 : e0ae,
			v6-untitled-176 : e0af,
			v6-untitled-177 : e0b0,
			v6-untitled-178 : e0b1,
			v6-untitled-179 : e0b2,
			v6-untitled-180 : e0b3,
			v6-untitled-181 : e0b4,
			v6-untitled-182 : e0b5,
			v6-untitled-183 : e0b6,
			v6-untitled-184 : e0b7,
			v6-untitled-185 : e0b8,
			v6-untitled-186 : e0b9,
			v6-untitled-187 : e0ba,
			v6-untitled-188 : e0bb,
			v6-untitled-189 : e0bc,
			v6-untitled-190 : e0bd,
			v6-untitled-191 : e0be,
			v6-untitled-192 : e0bf,
			v6-untitled-193 : e0c0,
			v6-untitled-194 : e0c1,
			v6-untitled-195 : e0c2,
			v6-untitled-196 : e0c3,
			v6-untitled-197 : e0c4,
			v6-untitled-198 : e0c5,
			v6-untitled-199 : e0c6,
			v6-untitled-200 : e0c7,
			v6-untitled-201 : e0c8,
			v6-untitled-202 : e0c9,
			v6-untitled-203 : e0ca,
			v6-untitled-204 : e0cb,
			v6-untitled-205 : e0cc,
			v6-untitled-206 : e0cd,
			v6-untitled-207 : e0ce,
			v6-untitled-208 : e0cf,
			v6-untitled-209 : e0d0,
			v6-untitled-210 : e0d1,
			v6-untitled-211 : e0d2,
			v6-untitled-212 : e0d3,
			v6-untitled-213 : e0d4,
			v6-untitled-214 : e0d5,
			v6-untitled-215 : e0d6,
			v6-untitled-216 : e0d7,
			v6-untitled-217 : e0d8,
			v6-untitled-218 : e0d9,
			v6-untitled-219 : e0da,
			v6-untitled-220 : e0db,
			v6-untitled-221 : e0dc,
			v6-untitled-222 : e0dd,
			v6-untitled-223 : e0de,
			v6-untitled-224 : e0df,
			v6-untitled-225 : e0e0,
			v6-untitled-226 : e0e1,
			v6-untitled-227 : e0e2,
			v6-untitled-228 : e0e3,
			v6-untitled-229 : e0e4,
			v6-untitled-230 : e0e5,
			v6-untitled-231 : e0e6,
			v6-untitled-232 : e0e7,
			v6-untitled-233 : e0e8,
			v6-untitled-234 : e0e9,
			v6-untitled-235 : e0ea,
			v6-untitled-236 : e0eb,
			v6-untitled-237 : e0ec,
			v6-untitled-238 : e0ed,
			v6-untitled-239 : e0ee,
			v6-untitled-240 : e0ef,
			v6-untitled-241 : e0f0,
			v6-untitled-242 : e0f1,
			v6-untitled-243 : e0f2,
			v6-untitled-244 : e0f3,
			v6-untitled-245 : e0f4,
			v6-untitled-246 : e0f5,
			v6-untitled-247 : e0f6,
			v6-untitled-248 : e0f7,
			v6-untitled-249 : e0f8,
			v6-untitled-250 : e0f9,
			v6-untitled-251 : e0fa,
			v6-untitled-252 : e0fb,
			v6-untitled-253 : e0fc,
			v6-untitled-254 : e0fd,
			v6-untitled-255 : e0fe,
			v6-untitled-256 : e0ff,
			v6-untitled-257 : e100,
			v6-untitled-258 : e101,
			v6-untitled-259 : e102,
			v6-untitled-260 : e103,
			v6-untitled-261 : e104,
			v6-untitled-262 : e105,
			v6-untitled-263 : e106,
			v6-untitled-264 : e107,
			v6-untitled-265 : e108,
			v6-untitled-266 : e109,
			v6-untitled-267 : e10a,
			v6-untitled-268 : e10b,
			v6-untitled-269 : e10c,
			v6-untitled-270 : e10d,
			v6-untitled-271 : e10e,
			v6-untitled-272 : e10f,
			v6-untitled-273 : e110,
			v6-untitled-274 : e111,
			v6-untitled-275 : e112,
			v6-untitled-276 : e113,
			v6-untitled-277 : e114,
			v6-untitled-278 : e115,
			v6-untitled-279 : e116,
			v6-untitled-280 : e117,
			v6-untitled-281 : e118,
			v6-untitled-282 : e119,
			v6-untitled-283 : e11a,
			v6-untitled-284 : e11b,
			v6-untitled-285 : e11c,
			v6-untitled-286 : e11d,
			v6-untitled-287 : e11e,
			v6-untitled-288 : e11f,
			v6-untitled-289 : e120,
			v6-untitled-290 : e121,
			v6-untitled-291 : e122,
			v6-untitled-292 : e123,
			v6-untitled-293 : e124,
			v6-untitled-294 : e125,
			v6-untitled-295 : e126,
			v6-untitled-296 : e127,
			v6-untitled-297 : e128,
			v6-untitled-298 : e129,
			v6-untitled-299 : e12a,
			v6-untitled-300 : e12b,
			v6-untitled-301 : e12c,
			v6-untitled-302 : e12d,
			v6-untitled-303 : e12e,
			v6-untitled-304 : e12f,
			v6-untitled-305 : e130,
			v6-untitled-306 : e131,
			v6-untitled-307 : e132,
			v6-untitled-308 : e133,
			v6-untitled-309 : e134,
			v6-untitled-310 : e135,
			v6-untitled-311 : e136,
			v6-untitled-312 : e137,
			v6-untitled-313 : e138,
			v6-untitled-314 : e139,
			v6-untitled-315 : e13a,
			v6-untitled-316 : e13b,
			v6-untitled-317 : e13c,
			v6-untitled-318 : e13d,
			v6-untitled-319 : e13e,
			v6-untitled-320 : e13f,
			v6-untitled-321 : e140,
			v6-untitled-322 : e141,
			v6-untitled-323 : e142,
			v6-untitled-324 : e143,
			v6-untitled-325 : e144,
			v6-untitled-326 : e145,
			v6-untitled-327 : e146,
			v6-untitled-328 : e147,
			v6-untitled-329 : e148,
			v6-untitled-330 : e149,
			v6-untitled-331 : e14a,
			v6-untitled-332 : e14b,
			v6-untitled-333 : e14c,
			v6-untitled-334 : e14d,
			v6-untitled-335 : e14e,
			v6-untitled-336 : e14f,
			v6-untitled-337 : e150,
			v6-untitled-338 : e151,
			v6-untitled-339 : e153,
			v6-untitled-340 : e152,
			v6-untitled-341 : e154,
			v6-untitled-342 : e155,
			v6-untitled-343 : e156,
			v6-untitled-344 : e157,
			v6-untitled-345 : e158,
			v6-untitled-346 : e159,
			v6-untitled-347 : e15a,
			v6-untitled-348 : e15b,
			v6-untitled-349 : e15c,
			v6-untitled-350 : e15d,
			v6-untitled-351 : e15e,
			v6-untitled-352 : e15f,
			v6-untitled-353 : e160,
			v6-untitled-354 : e161,
			v6-untitled-355 : e162,
			v6-untitled-356 : e163,
			v6-untitled-357 : e164,
			v6-untitled-358 : e165,
			v6-untitled-359 : e166,
			v6-untitled-360 : e167,
			v6-untitled-361 : e168,
			v6-untitled-362 : e169
		