
			v57-exclam : e000,
			v57-quotedbl : e001,
			v57-numbersign : e002,
			v57-dollar : e003,
			v57-percent : e004,
			v57-ampersand : e005,
			v57-quotesingle : e006,
			v57-parenleft : e007,
			v57-parenright : e008,
			v57-asterisk : e009,
			v57-plus : e00a,
			v57-comma : e00b,
			v57-hyphen : e00c,
			v57-period : e00d,
			v57-slash : e00e,
			v57-eight : e00f,
			v57-colon : e010,
			v57-semicolon : e011,
			v57-less : e012,
			v57-equal : e013,
			v57-greater : e014,
			v57-question : e015,
			v57-at : e016,
			v57-A : e017,
			v57-B : e018,
			v57-C : e019,
			v57-D : e01a,
			v57-E : e01b,
			v57-F : e01c,
			v57-G : e01d,
			v57-H : e01e,
			v57-I : e01f,
			v57-J : e020,
			v57-K : e021,
			v57-L : e022,
			v57-N : e023,
			v57-O : e024,
			v57-P : e025,
			v57-Q : e026,
			v57-R : e027,
			v57-S : e028,
			v57-T : e029,
			v57-U : e02a,
			v57-V : e02b,
			v57-W : e02c,
			v57-X : e02d,
			v57-Y : e02e,
			v57-Z : e02f,
			v57-bracketleft : e030,
			v57-backslash : e031,
			v57-bracketright : e032,
			v57-asciicircum : e033,
			v57-underscore : e034,
			v57-grave : e035,
			v57-a : e036,
			v57-b : e037,
			v57-c : e038,
			v57-d : e039,
			v57-e : e03a,
			v57-f : e03b,
			v57-g : e03c,
			v57-h : e03d,
			v57-i : e03e,
			v57-j : e03f,
			v57-k : e040,
			v57-l : e041,
			v57-m : e042,
			v57-n : e043,
			v57-o : e044,
			v57-p : e045,
			v57-q : e046,
			v57-r : e047,
			v57-s : e048,
			v57-t : e049,
			v57-u : e04a,
			v57-v : e04b,
			v57-w : e04c,
			v57-x : e04d,
			v57-y : e04e,
			v57-z : e04f,
			v57-braceleft : e050,
			v57-bar : e051,
			v57-braceright : e052,
			v57-asciitilde : e053,
			v57-exclamdown : e054,
			v57-cent : e055,
			v57-sterling : e056,
			v57-currency : e057,
			v57-yen : e058,
			v57-brokenbar : e059,
			v57-section : e05a,
			v57-dieresis : e05b,
			v57-copyright : e05c,
			v57-ordfeminine : e05d,
			v57-guillemotleft : e05e,
			v57-logicalnot : e05f,
			v57-macron : e060,
			v57-Agrave : e061,
			v57-Aacute : e062,
			v57-Acircumflex : e063,
			v57-Atilde : e064,
			v57-Adieresis : e065,
			v57-Aring : e066,
			v57-AE : e067,
			v57-Ccedilla : e068,
			v57-Egrave : e069,
			v57-Eacute : e06a,
			v57-Ecircumflex : e06b,
			v57-Edieresis : e06c,
			v57-Igrave : e06d,
			v57-Iacute : e06e,
			v57-Icircumflex : e06f,
			v57-Idieresis : e070,
			v57-Eth : e071,
			v57-Ntilde : e072,
			v57-Ograve : e073,
			v57-Oacute : e074,
			v57-Ocircumflex : e075,
			v57-Otilde : e076,
			v57-Odieresis : e077,
			v57-multiply : e078,
			v57-Oslash : e079,
			v57-Ugrave : e07a,
			v57-Uacute : e07b,
			v57-Ucircumflex : e07c,
			v57-Udieresis : e07d,
			v57-Yacute : e07e,
			v57-Thorn : e07f,
			v57-germandbls : e080,
			v57-agrave : e081,
			v57-aacute : e082,
			v57-acircumflex : e083,
			v57-atilde : e084,
			v57-adieresis : e085,
			v57-aring : e086,
			v57-ae : e087,
			v57-ccedilla : e088,
			v57-egrave : e089,
			v57-eacute : e08a,
			v57-ecircumflex : e08b,
			v57-edieresis : e08c,
			v57-igrave : e08d,
			v57-iacute : e08e,
			v57-icircumflex : e08f,
			v57-idieresis : e090,
			v57-eth : e091,
			v57-ntilde : e092,
			v57-ograve : e093,
			v57-oacute : e094,
			v57-ocircumflex : e095,
			v57-otilde : e096,
			v57-odieresis : e097,
			v57-divide : e098,
			v57-oslash : e099,
			v57-ugrave : e09a,
			v57-uacute : e09b,
			v57-ucircumflex : e09c,
			v57-zero : e09d,
			v57-one : e09e,
			v57-two : e09f,
			v57-three : e0a0,
			v57-four : e0a1,
			v57-five : e0a2,
			v57-six : e0a3,
			v57-seven : e0a4
		